full_url,metascore
https://steamspy.com/app/10, 88% 
https://steamspy.com/app/20,NA
https://steamspy.com/app/30, 79% 
https://steamspy.com/app/40,NA
https://steamspy.com/app/50,NA
https://steamspy.com/app/60,NA
https://steamspy.com/app/70, 96% 
https://steamspy.com/app/80, 65% 
https://steamspy.com/app/130, 71% 
https://steamspy.com/app/220, 96% 
https://steamspy.com/app/240, 88% 
https://steamspy.com/app/280,NA
https://steamspy.com/app/300, 80% 
https://steamspy.com/app/320,NA
https://steamspy.com/app/340,NA
https://steamspy.com/app/360,NA
https://steamspy.com/app/380, 87% 
https://steamspy.com/app/400, 90% 
https://steamspy.com/app/420, 90% 
https://steamspy.com/app/440, 92% 
https://steamspy.com/app/500, 89% 
https://steamspy.com/app/550, 89% 
https://steamspy.com/app/570, 90% 
https://steamspy.com/app/620, 95% 
https://steamspy.com/app/630, 77% 
https://steamspy.com/app/730, 83% 
https://steamspy.com/app/1200, 81% 
https://steamspy.com/app/1250, 72% 
https://steamspy.com/app/1510, 75% 
https://steamspy.com/app/1520, 84% 
https://steamspy.com/app/1840,NA
https://steamspy.com/app/1930, 65% 
https://steamspy.com/app/2100, 72% 
https://steamspy.com/app/2200,NA
https://steamspy.com/app/2210, 81% 
https://steamspy.com/app/2270,NA
https://steamspy.com/app/2280,NA
https://steamspy.com/app/2300, 83% 
https://steamspy.com/app/2310, 94% 
https://steamspy.com/app/2320,NA
https://steamspy.com/app/2400, 76% 
https://steamspy.com/app/2500, 74% 
https://steamspy.com/app/2600, 80% 
https://steamspy.com/app/2620, 91% 
https://steamspy.com/app/2630, 86% 
https://steamspy.com/app/2820, 73% 
https://steamspy.com/app/2870, 33% 
https://steamspy.com/app/2990, 76% 
https://steamspy.com/app/3480,NA
https://steamspy.com/app/3590, 87% 
https://steamspy.com/app/3700, 76% 
https://steamspy.com/app/3720, 75% 
https://steamspy.com/app/3730,NA
https://steamspy.com/app/3830, 87% 
https://steamspy.com/app/3900, 94% 
https://steamspy.com/app/3910, 90% 
https://steamspy.com/app/3920, 88% 
https://steamspy.com/app/4000,NA
https://steamspy.com/app/4500, 82% 
https://steamspy.com/app/4560, 93% 
https://steamspy.com/app/4570, 86% 
https://steamspy.com/app/4580, 87% 
https://steamspy.com/app/4700,NA
https://steamspy.com/app/4720, 78% 
https://steamspy.com/app/4760, 92% 
https://steamspy.com/app/4850, 60% 
https://steamspy.com/app/4920, 80% 
https://steamspy.com/app/6000, 78% 
https://steamspy.com/app/6020, 81% 
https://steamspy.com/app/6030, 89% 
https://steamspy.com/app/6060, 78% 
https://steamspy.com/app/6120, 67% 
https://steamspy.com/app/6200, 81% 
https://steamspy.com/app/6220, 72% 
https://steamspy.com/app/6310, 91% 
https://steamspy.com/app/6370, 79% 
https://steamspy.com/app/6550, 66% 
https://steamspy.com/app/6800,NA
https://steamspy.com/app/6830, 87% 
https://steamspy.com/app/6850, 87% 
https://steamspy.com/app/6860, 82% 
https://steamspy.com/app/6880, 75% 
https://steamspy.com/app/6900, 73% 
https://steamspy.com/app/6910, 90% 
https://steamspy.com/app/6920, 80% 
https://steamspy.com/app/6980, 85% 
https://steamspy.com/app/7000, 82% 
https://steamspy.com/app/7200, 80% 
https://steamspy.com/app/7510, 54% 
https://steamspy.com/app/7520, 75% 
https://steamspy.com/app/7600, 77% 
https://steamspy.com/app/7760,NA
https://steamspy.com/app/7940, 92% 
https://steamspy.com/app/8000, 83% 
https://steamspy.com/app/8080, 67% 
https://steamspy.com/app/8140, 80% 
https://steamspy.com/app/8170, 74% 
https://steamspy.com/app/8190, 84% 
https://steamspy.com/app/8500, 88% 
https://steamspy.com/app/8600, 83% 
https://steamspy.com/app/8800, 86% 
https://steamspy.com/app/8870, 94% 
https://steamspy.com/app/8930, 90% 
https://steamspy.com/app/9010, 88% 
https://steamspy.com/app/9050, 87% 
https://steamspy.com/app/9200, 79% 
https://steamspy.com/app/9350, 86% 
https://steamspy.com/app/9420, 81% 
https://steamspy.com/app/9450,NA
https://steamspy.com/app/9480, 72% 
https://steamspy.com/app/9880, 72% 
https://steamspy.com/app/9900, 66% 
https://steamspy.com/app/10090, 83% 
https://steamspy.com/app/10150, 79% 
https://steamspy.com/app/10180, 86% 
https://steamspy.com/app/10220, 24% 
https://steamspy.com/app/10500, 90% 
https://steamspy.com/app/10680, 68% 
https://steamspy.com/app/11020,NA
https://steamspy.com/app/11280,NA
https://steamspy.com/app/11450, 81% 
https://steamspy.com/app/12100, 93% 
https://steamspy.com/app/12110, 94% 
https://steamspy.com/app/12120, 93% 
https://steamspy.com/app/12130, 75% 
https://steamspy.com/app/12140, 89% 
https://steamspy.com/app/12150, 86% 
https://steamspy.com/app/12200, 72% 
https://steamspy.com/app/12210, 90% 
https://steamspy.com/app/12220,NA
https://steamspy.com/app/12320, 74% 
https://steamspy.com/app/12360, 79% 
https://steamspy.com/app/12710,NA
https://steamspy.com/app/12810, 79% 
https://steamspy.com/app/12830, 76% 
https://steamspy.com/app/13140, 70% 
https://steamspy.com/app/13210, 83% 
https://steamspy.com/app/13230, 93% 
https://steamspy.com/app/13240, 92% 
https://steamspy.com/app/13250,NA
https://steamspy.com/app/13520, 89% 
https://steamspy.com/app/13560, 91% 
https://steamspy.com/app/13570, 92% 
https://steamspy.com/app/15100, 79% 
https://steamspy.com/app/15120, 78% 
https://steamspy.com/app/15130, 83% 
https://steamspy.com/app/15170, 77% 
https://steamspy.com/app/15320, 86% 
https://steamspy.com/app/15620, 85% 
https://steamspy.com/app/15700,NA
https://steamspy.com/app/16450, 79% 
https://steamspy.com/app/16720, 61% 
https://steamspy.com/app/16730, 50% 
https://steamspy.com/app/17080, 86% 
https://steamspy.com/app/17300, 91% 
https://steamspy.com/app/17330, 84% 
https://steamspy.com/app/17390, 84% 
https://steamspy.com/app/17410, 81% 
https://steamspy.com/app/17430, 65% 
https://steamspy.com/app/17450, 91% 
https://steamspy.com/app/17460, 89% 
https://steamspy.com/app/17470, 86% 
https://steamspy.com/app/17480, 82% 
https://steamspy.com/app/17500,NA
https://steamspy.com/app/17570,NA
https://steamspy.com/app/17710, 71% 
https://steamspy.com/app/18500, 81% 
https://steamspy.com/app/18700, 75% 
https://steamspy.com/app/19900, 85% 
https://steamspy.com/app/19980, 82% 
https://steamspy.com/app/20510, 75% 
https://steamspy.com/app/20530, 78% 
https://steamspy.com/app/20540, 70% 
https://steamspy.com/app/20570, 84% 
https://steamspy.com/app/20820, 84% 
https://steamspy.com/app/20900, 86% 
https://steamspy.com/app/20920, 88% 
https://steamspy.com/app/21000, 80% 
https://steamspy.com/app/21090, 88% 
https://steamspy.com/app/21100, 74% 
https://steamspy.com/app/21130, 79% 
https://steamspy.com/app/21690, 86% 
https://steamspy.com/app/21980, 78% 
https://steamspy.com/app/22000, 90% 
https://steamspy.com/app/22100, 72% 
https://steamspy.com/app/22120, 78% 
https://steamspy.com/app/22180, 73% 
https://steamspy.com/app/22200, 77% 
https://steamspy.com/app/22230, 74% 
https://steamspy.com/app/22300, 91% 
https://steamspy.com/app/22320, 89% 
https://steamspy.com/app/22330, 94% 
https://steamspy.com/app/22350, 70% 
https://steamspy.com/app/22370, 91% 
https://steamspy.com/app/22380, 84% 
https://steamspy.com/app/22600, 79% 
https://steamspy.com/app/22610, 64% 
https://steamspy.com/app/23490, 79% 
https://steamspy.com/app/24010,NA
https://steamspy.com/app/24200, 72% 
https://steamspy.com/app/24240, 76% 
https://steamspy.com/app/24420, 82% 
https://steamspy.com/app/24720, 70% 
https://steamspy.com/app/24740, 87% 
https://steamspy.com/app/24780,NA
https://steamspy.com/app/24790, 85% 
https://steamspy.com/app/24800, 64% 
https://steamspy.com/app/24840, 78% 
https://steamspy.com/app/24870, 83% 
https://steamspy.com/app/24960, 87% 
https://steamspy.com/app/24980, 94% 
https://steamspy.com/app/25000,NA
https://steamspy.com/app/25800, 83% 
https://steamspy.com/app/25830, 77% 
https://steamspy.com/app/25890, 77% 
https://steamspy.com/app/25900, 79% 
https://steamspy.com/app/26800, 90% 
https://steamspy.com/app/28000, 66% 
https://steamspy.com/app/29800,NA
https://steamspy.com/app/31270, 70% 
https://steamspy.com/app/32360, 86% 
https://steamspy.com/app/32370,NA
https://steamspy.com/app/32380, 91% 
https://steamspy.com/app/32400,NA
https://steamspy.com/app/32430, 65% 
https://steamspy.com/app/32440, 77% 
https://steamspy.com/app/32470,NA
https://steamspy.com/app/32500, 59% 
https://steamspy.com/app/33120,NA
https://steamspy.com/app/33230, 86% 
https://steamspy.com/app/33460, 76% 
https://steamspy.com/app/33680,NA
https://steamspy.com/app/33900, 77% 
https://steamspy.com/app/33930, 73% 
https://steamspy.com/app/34010, 72% 
https://steamspy.com/app/34030, 81% 
https://steamspy.com/app/34830, 55% 
https://steamspy.com/app/34870, 52% 
https://steamspy.com/app/34900,NA
https://steamspy.com/app/35000, 74% 
https://steamspy.com/app/35130, 82% 
https://steamspy.com/app/35140, 91% 
https://steamspy.com/app/35450, 76% 
https://steamspy.com/app/35700, 80% 
https://steamspy.com/app/35720, 84% 
https://steamspy.com/app/38400, 89% 
https://steamspy.com/app/38410, 86% 
https://steamspy.com/app/38420, 82% 
https://steamspy.com/app/38600,NA
https://steamspy.com/app/38700, 80% 
https://steamspy.com/app/38720, 73% 
https://steamspy.com/app/38740, 74% 
https://steamspy.com/app/39000,NA
https://steamspy.com/app/39120, 84% 
https://steamspy.com/app/39140,NA
https://steamspy.com/app/39150,NA
https://steamspy.com/app/39190, 86% 
https://steamspy.com/app/39200, 80% 
https://steamspy.com/app/39210, 83% 
https://steamspy.com/app/39500, 63% 
https://steamspy.com/app/39510, 79% 
https://steamspy.com/app/39680, 56% 
https://steamspy.com/app/39690, 63% 
https://steamspy.com/app/39800,NA
https://steamspy.com/app/40100, 77% 
https://steamspy.com/app/40300, 77% 
https://steamspy.com/app/40380, 69% 
https://steamspy.com/app/40390, 69% 
https://steamspy.com/app/40400, 80% 
https://steamspy.com/app/40700, 85% 
https://steamspy.com/app/40950, 81% 
https://steamspy.com/app/40970, 78% 
https://steamspy.com/app/40990, 88% 
https://steamspy.com/app/41000, 68% 
https://steamspy.com/app/41070, 72% 
https://steamspy.com/app/41100,NA
https://steamspy.com/app/41300, 79% 
https://steamspy.com/app/41500, 83% 
https://steamspy.com/app/41700, 80% 
https://steamspy.com/app/42120, 70% 
https://steamspy.com/app/42670, 76% 
https://steamspy.com/app/42700, 81% 
https://steamspy.com/app/42910, 74% 
https://steamspy.com/app/42960, 75% 
https://steamspy.com/app/44350, 80% 
https://steamspy.com/app/45100,NA
https://steamspy.com/app/45700, 78% 
https://steamspy.com/app/45740, 78% 
https://steamspy.com/app/45750, 63% 
https://steamspy.com/app/45760,NA
https://steamspy.com/app/45770, 66% 
https://steamspy.com/app/46500, 82% 
https://steamspy.com/app/46510, 80% 
https://steamspy.com/app/47400,NA
https://steamspy.com/app/47410, 75% 
https://steamspy.com/app/47700, 64% 
https://steamspy.com/app/47780, 87% 
https://steamspy.com/app/47790, 72% 
https://steamspy.com/app/47810, 91% 
https://steamspy.com/app/47870, 86% 
https://steamspy.com/app/47890, 86% 
https://steamspy.com/app/48000, 88% 
https://steamspy.com/app/48110, 62% 
https://steamspy.com/app/48190, 88% 
https://steamspy.com/app/48240, 83% 
https://steamspy.com/app/48700, 78% 
https://steamspy.com/app/48720, 68% 
https://steamspy.com/app/49520, 89% 
https://steamspy.com/app/49600, 70% 
https://steamspy.com/app/50130, 77% 
https://steamspy.com/app/50300, 76% 
https://steamspy.com/app/55040, 75% 
https://steamspy.com/app/55100, 70% 
https://steamspy.com/app/55110, 75% 
https://steamspy.com/app/55140,NA
https://steamspy.com/app/55150, 74% 
https://steamspy.com/app/55230, 84% 
https://steamspy.com/app/57300, 85% 
https://steamspy.com/app/57640,NA
https://steamspy.com/app/57690, 78% 
https://steamspy.com/app/57740, 62% 
https://steamspy.com/app/57900, 54% 
https://steamspy.com/app/58610, 81% 
https://steamspy.com/app/61700, 76% 
https://steamspy.com/app/63710,NA
https://steamspy.com/app/64000, 77% 
https://steamspy.com/app/65540, 81% 
https://steamspy.com/app/65790,NA
https://steamspy.com/app/65800, 81% 
https://steamspy.com/app/65930, 66% 
https://steamspy.com/app/65980, 81% 
https://steamspy.com/app/67370, 77% 
https://steamspy.com/app/70000, 53% 
https://steamspy.com/app/70300, 81% 
https://steamspy.com/app/70400, 82% 
https://steamspy.com/app/70600, 66% 
https://steamspy.com/app/71230,NA
https://steamspy.com/app/71340, 77% 
https://steamspy.com/app/72850, 94% 
https://steamspy.com/app/78000, 82% 
https://steamspy.com/app/80310, 82% 
https://steamspy.com/app/91200, 80% 
https://steamspy.com/app/91600, 70% 
https://steamspy.com/app/91700,NA
https://steamspy.com/app/91900, 44% 
https://steamspy.com/app/92000, 64% 
https://steamspy.com/app/92100,NA
https://steamspy.com/app/92800, 84% 
https://steamspy.com/app/94200, 81% 
https://steamspy.com/app/94300, 75% 
https://steamspy.com/app/94400, 81% 
https://steamspy.com/app/95400, 83% 
https://steamspy.com/app/96000, 63% 
https://steamspy.com/app/96100,NA
https://steamspy.com/app/97000, 72% 
https://steamspy.com/app/97330, 77% 
https://steamspy.com/app/98200, 85% 
https://steamspy.com/app/98300, 71% 
https://steamspy.com/app/98400, 73% 
https://steamspy.com/app/98800, 79% 
https://steamspy.com/app/99300, 76% 
https://steamspy.com/app/99900, 64% 
https://steamspy.com/app/99910,NA
https://steamspy.com/app/102500, 81% 
https://steamspy.com/app/102600, 83% 
https://steamspy.com/app/102840, 72% 
https://steamspy.com/app/104200,NA
https://steamspy.com/app/104900,NA
https://steamspy.com/app/105000, 72% 
https://steamspy.com/app/105450, 81% 
https://steamspy.com/app/105600, 83% 
https://steamspy.com/app/107100, 86% 
https://steamspy.com/app/107200, 74% 
https://steamspy.com/app/107300,NA
https://steamspy.com/app/107310, 78% 
https://steamspy.com/app/107410, 74% 
https://steamspy.com/app/107600, 82% 
https://steamspy.com/app/108200,NA
https://steamspy.com/app/108600,NA
https://steamspy.com/app/108710, 83% 
https://steamspy.com/app/108800,NA
https://steamspy.com/app/109600, 74% 
https://steamspy.com/app/110800, 83% 
https://steamspy.com/app/113020, 83% 
https://steamspy.com/app/113200, 84% 
https://steamspy.com/app/113400,NA
https://steamspy.com/app/113420, 71% 
https://steamspy.com/app/115100,NA
https://steamspy.com/app/115110, 80% 
https://steamspy.com/app/115320, 76% 
https://steamspy.com/app/115800, 88% 
https://steamspy.com/app/200010, 77% 
https://steamspy.com/app/200170, 73% 
https://steamspy.com/app/200210, 82% 
https://steamspy.com/app/200260, 91% 
https://steamspy.com/app/200510, 89% 
https://steamspy.com/app/200710, 88% 
https://steamspy.com/app/200900, 83% 
https://steamspy.com/app/201230, 83% 
https://steamspy.com/app/201510, 23% 
https://steamspy.com/app/201570,NA
https://steamspy.com/app/201790, 83% 
https://steamspy.com/app/201810, 81% 
https://steamspy.com/app/201870, 80% 
https://steamspy.com/app/202200, 92% 
https://steamspy.com/app/202750, 73% 
https://steamspy.com/app/202970, 74% 
https://steamspy.com/app/203140, 79% 
https://steamspy.com/app/203160, 86% 
https://steamspy.com/app/203290,NA
https://steamspy.com/app/203630, 71% 
https://steamspy.com/app/203750, 68% 
https://steamspy.com/app/203770, 82% 
https://steamspy.com/app/203830, 75% 
https://steamspy.com/app/204030, 83% 
https://steamspy.com/app/204060, 83% 
https://steamspy.com/app/204100, 87% 
https://steamspy.com/app/204180, 81% 
https://steamspy.com/app/204240, 74% 
https://steamspy.com/app/204300, 78% 
https://steamspy.com/app/204340, 74% 
https://steamspy.com/app/204360,NA
https://steamspy.com/app/204530, 75% 
https://steamspy.com/app/204630,NA
https://steamspy.com/app/204880, 82% 
https://steamspy.com/app/205020, 70% 
https://steamspy.com/app/205100, 91% 
https://steamspy.com/app/205230, 64% 
https://steamspy.com/app/205650, 73% 
https://steamspy.com/app/205910, 75% 
https://steamspy.com/app/205950,NA
https://steamspy.com/app/206190, 83% 
https://steamspy.com/app/206210,NA
https://steamspy.com/app/206420, 86% 
https://steamspy.com/app/206440, 81% 
https://steamspy.com/app/206480,NA
https://steamspy.com/app/206500,NA
https://steamspy.com/app/207080,NA
https://steamspy.com/app/207140, 84% 
https://steamspy.com/app/207170, 82% 
https://steamspy.com/app/207230,NA
https://steamspy.com/app/207350, 76% 
https://steamspy.com/app/207490, 86% 
https://steamspy.com/app/207690, 82% 
https://steamspy.com/app/207750, 75% 
https://steamspy.com/app/208140, 77% 
https://steamspy.com/app/208200,NA
https://steamspy.com/app/208500, 80% 
https://steamspy.com/app/208520,NA
https://steamspy.com/app/208580, 85% 
https://steamspy.com/app/208650,NA
https://steamspy.com/app/208670, 63% 
https://steamspy.com/app/208730, 58% 
https://steamspy.com/app/208750, 78% 
https://steamspy.com/app/209000, 74% 
https://steamspy.com/app/209080, 64% 
https://steamspy.com/app/209100, 48% 
https://steamspy.com/app/209120, 79% 
https://steamspy.com/app/209160, 68% 
https://steamspy.com/app/209370, 62% 
https://steamspy.com/app/209540, 66% 
https://steamspy.com/app/209650, 78% 
https://steamspy.com/app/209670, 44% 
https://steamspy.com/app/209830, 81% 
https://steamspy.com/app/210770, 77% 
https://steamspy.com/app/210970, 87% 
https://steamspy.com/app/211160,NA
https://steamspy.com/app/211260, 74% 
https://steamspy.com/app/211400, 78% 
https://steamspy.com/app/211440,NA
https://steamspy.com/app/211500,NA
https://steamspy.com/app/211600, 92% 
https://steamspy.com/app/211820, 81% 
https://steamspy.com/app/212010,NA
https://steamspy.com/app/212030,NA
https://steamspy.com/app/212070, 75% 
https://steamspy.com/app/212160, 76% 
https://steamspy.com/app/212390,NA
https://steamspy.com/app/212500, 86% 
https://steamspy.com/app/212630, 71% 
https://steamspy.com/app/212680, 84% 
https://steamspy.com/app/212800,NA
https://steamspy.com/app/213330, 81% 
https://steamspy.com/app/213610,NA
https://steamspy.com/app/213650,NA
https://steamspy.com/app/213670,NA
https://steamspy.com/app/213850,NA
https://steamspy.com/app/214170, 81% 
https://steamspy.com/app/214250, 66% 
https://steamspy.com/app/214340, 74% 
https://steamspy.com/app/214360, 59% 
https://steamspy.com/app/214420,NA
https://steamspy.com/app/214490, 81% 
https://steamspy.com/app/214590,NA
https://steamspy.com/app/214770, 88% 
https://steamspy.com/app/214830, 75% 
https://steamspy.com/app/214870, 64% 
https://steamspy.com/app/214950, 76% 
https://steamspy.com/app/214970, 80% 
https://steamspy.com/app/215080, 76% 
https://steamspy.com/app/215160, 82% 
https://steamspy.com/app/215280, 76% 
https://steamspy.com/app/215470, 67% 
https://steamspy.com/app/215510, 74% 
https://steamspy.com/app/215530, 72% 
https://steamspy.com/app/215670, 69% 
https://steamspy.com/app/215690,NA
https://steamspy.com/app/215830,NA
https://steamspy.com/app/216150,NA
https://steamspy.com/app/216890,NA
https://steamspy.com/app/216910, 69% 
https://steamspy.com/app/217140, 67% 
https://steamspy.com/app/217200,NA
https://steamspy.com/app/217690, 75% 
https://steamspy.com/app/217750,NA
https://steamspy.com/app/217920, 52% 
https://steamspy.com/app/218060, 85% 
https://steamspy.com/app/218230, 84% 
https://steamspy.com/app/218410,NA
https://steamspy.com/app/218620, 79% 
https://steamspy.com/app/218640, 59% 
https://steamspy.com/app/218680, 75% 
https://steamspy.com/app/218740, 63% 
https://steamspy.com/app/218820, 76% 
https://steamspy.com/app/219150, 85% 
https://steamspy.com/app/219640, 79% 
https://steamspy.com/app/219680, 80% 
https://steamspy.com/app/219780,NA
https://steamspy.com/app/219830, 81% 
https://steamspy.com/app/219890, 82% 
https://steamspy.com/app/219910, 75% 
https://steamspy.com/app/219990, 83% 
https://steamspy.com/app/220090, 72% 
https://steamspy.com/app/220160, 85% 
https://steamspy.com/app/220200, 88% 
https://steamspy.com/app/220240, 88% 
https://steamspy.com/app/220260,NA
https://steamspy.com/app/220440, 85% 
https://steamspy.com/app/220700,NA
https://steamspy.com/app/220740, 78% 
https://steamspy.com/app/220780, 77% 
https://steamspy.com/app/220820,NA
https://steamspy.com/app/220860, 76% 
https://steamspy.com/app/221020,NA
https://steamspy.com/app/221040, 69% 
https://steamspy.com/app/221100,NA
https://steamspy.com/app/221260, 68% 
https://steamspy.com/app/221380, 68% 
https://steamspy.com/app/221540, 81% 
https://steamspy.com/app/221640, 88% 
https://steamspy.com/app/221680,NA
https://steamspy.com/app/221810, 68% 
https://steamspy.com/app/221910, 88% 
https://steamspy.com/app/222480, 77% 
https://steamspy.com/app/222730, 75% 
https://steamspy.com/app/222750, 80% 
https://steamspy.com/app/222880, 74% 
https://steamspy.com/app/222940,NA
https://steamspy.com/app/222980,NA
https://steamspy.com/app/223100, 54% 
https://steamspy.com/app/223220, 77% 
https://steamspy.com/app/223470, 59% 
https://steamspy.com/app/223710,NA
https://steamspy.com/app/223750,NA
https://steamspy.com/app/223810,NA
https://steamspy.com/app/223830, 77% 
https://steamspy.com/app/224260,NA
https://steamspy.com/app/224460, 62% 
https://steamspy.com/app/224480, 69% 
https://steamspy.com/app/224500,NA
https://steamspy.com/app/224600, 64% 
https://steamspy.com/app/224760, 91% 
https://steamspy.com/app/224820, 79% 
https://steamspy.com/app/224920,NA
https://steamspy.com/app/224960,NA
https://steamspy.com/app/225080, 90% 
https://steamspy.com/app/225160,NA
https://steamspy.com/app/225260, 80% 
https://steamspy.com/app/225280,NA
https://steamspy.com/app/225420, 72% 
https://steamspy.com/app/225540, 74% 
https://steamspy.com/app/225600, 72% 
https://steamspy.com/app/225640,NA
https://steamspy.com/app/225840,NA
https://steamspy.com/app/226580, 61% 
https://steamspy.com/app/226720,NA
https://steamspy.com/app/226740,NA
https://steamspy.com/app/226840, 80% 
https://steamspy.com/app/226860, 81% 
https://steamspy.com/app/227000,NA
https://steamspy.com/app/227080, 70% 
https://steamspy.com/app/227100, 62% 
https://steamspy.com/app/227160,NA
https://steamspy.com/app/227200, 79% 
https://steamspy.com/app/227220, 79% 
https://steamspy.com/app/227300, 79% 
https://steamspy.com/app/227580, 67% 
https://steamspy.com/app/227600,NA
https://steamspy.com/app/227780,NA
https://steamspy.com/app/227860,NA
https://steamspy.com/app/227940,NA
https://steamspy.com/app/228200, 93% 
https://steamspy.com/app/228260, 80% 
https://steamspy.com/app/228280, 78% 
https://steamspy.com/app/228300, 65% 
https://steamspy.com/app/228360, 77% 
https://steamspy.com/app/228380, 81% 
https://steamspy.com/app/228760, 81% 
https://steamspy.com/app/230050,NA
https://steamspy.com/app/230070, 81% 
https://steamspy.com/app/230190,NA
https://steamspy.com/app/230270, 90% 
https://steamspy.com/app/230290,NA
https://steamspy.com/app/230410, 69% 
https://steamspy.com/app/230700, 80% 
https://steamspy.com/app/230820, 75% 
https://steamspy.com/app/230840, 51% 
https://steamspy.com/app/231040, 75% 
https://steamspy.com/app/231140,NA
https://steamspy.com/app/231160, 87% 
https://steamspy.com/app/231430, 80% 
https://steamspy.com/app/231740,NA
https://steamspy.com/app/232010,NA
https://steamspy.com/app/232050, 74% 
https://steamspy.com/app/232090, 75% 
https://steamspy.com/app/232430, 86% 
https://steamspy.com/app/232750, 59% 
https://steamspy.com/app/232770, 56% 
https://steamspy.com/app/232790, 73% 
https://steamspy.com/app/232890,NA
https://steamspy.com/app/232910, 77% 
https://steamspy.com/app/233130, 73% 
https://steamspy.com/app/233150, 80% 
https://steamspy.com/app/233270, 81% 
https://steamspy.com/app/233290, 59% 
https://steamspy.com/app/233450, 83% 
https://steamspy.com/app/233470, 61% 
https://steamspy.com/app/233550,NA
https://steamspy.com/app/233610, 74% 
https://steamspy.com/app/233720, 71% 
https://steamspy.com/app/233740,NA
https://steamspy.com/app/233840, 73% 
https://steamspy.com/app/233860, 75% 
https://steamspy.com/app/233980, 68% 
https://steamspy.com/app/234080,NA
https://steamspy.com/app/234140, 73% 
https://steamspy.com/app/234190,NA
https://steamspy.com/app/234270, 78% 
https://steamspy.com/app/234390, 78% 
https://steamspy.com/app/234630, 83% 
https://steamspy.com/app/234650, 76% 
https://steamspy.com/app/234670, 80% 
https://steamspy.com/app/234900, 75% 
https://steamspy.com/app/234940,NA
https://steamspy.com/app/235210, 78% 
https://steamspy.com/app/235250,NA
https://steamspy.com/app/235340, 65% 
https://steamspy.com/app/235380, 68% 
https://steamspy.com/app/235400,NA
https://steamspy.com/app/235460, 83% 
https://steamspy.com/app/235540, 79% 
https://steamspy.com/app/235600,NA
https://steamspy.com/app/235800, 76% 
https://steamspy.com/app/236090,NA
https://steamspy.com/app/236110,NA
https://steamspy.com/app/236150, 70% 
https://steamspy.com/app/236370,NA
https://steamspy.com/app/236390, 81% 
https://steamspy.com/app/236430, 91% 
https://steamspy.com/app/236450,NA
https://steamspy.com/app/236510, 34% 
https://steamspy.com/app/236690, 76% 
https://steamspy.com/app/236850, 87% 
https://steamspy.com/app/237310,NA
https://steamspy.com/app/237630, 66% 
https://steamspy.com/app/237740, 77% 
https://steamspy.com/app/237850, 71% 
https://steamspy.com/app/237870,NA
https://steamspy.com/app/237890,NA
https://steamspy.com/app/237930, 83% 
https://steamspy.com/app/237990, 80% 
https://steamspy.com/app/238010, 91% 
https://steamspy.com/app/238090,NA
https://steamspy.com/app/238210, 92% 
https://steamspy.com/app/238260,NA
https://steamspy.com/app/238320, 80% 
https://steamspy.com/app/238370,NA
https://steamspy.com/app/238430, 62% 
https://steamspy.com/app/238460, 85% 
https://steamspy.com/app/238750, 70% 
https://steamspy.com/app/238960, 86% 
https://steamspy.com/app/239030, 85% 
https://steamspy.com/app/239070, 72% 
https://steamspy.com/app/239120, 68% 
https://steamspy.com/app/239140, 87% 
https://steamspy.com/app/239160, 70% 
https://steamspy.com/app/239200, 72% 
https://steamspy.com/app/239250, 58% 
https://steamspy.com/app/239430,NA
https://steamspy.com/app/239800,NA
https://steamspy.com/app/239820, 68% 
https://steamspy.com/app/239840, 70% 
https://steamspy.com/app/240320,NA
https://steamspy.com/app/240720,NA
https://steamspy.com/app/240760, 87% 
https://steamspy.com/app/241240,NA
https://steamspy.com/app/241260,NA
https://steamspy.com/app/241320, 67% 
https://steamspy.com/app/241410, 73% 
https://steamspy.com/app/241560, 71% 
https://steamspy.com/app/241600, 85% 
https://steamspy.com/app/241720, 73% 
https://steamspy.com/app/241910, 80% 
https://steamspy.com/app/242050,NA
https://steamspy.com/app/242570, 58% 
https://steamspy.com/app/242640, 71% 
https://steamspy.com/app/242680, 89% 
https://steamspy.com/app/242700, 79% 
https://steamspy.com/app/242720,NA
https://steamspy.com/app/242760, 83% 
https://steamspy.com/app/242820, 80% 
https://steamspy.com/app/242840,NA
https://steamspy.com/app/242860, 70% 
https://steamspy.com/app/242880, 63% 
https://steamspy.com/app/242920, 73% 
https://steamspy.com/app/243120,NA
https://steamspy.com/app/243200, 79% 
https://steamspy.com/app/243450, 58% 
https://steamspy.com/app/243470, 77% 
https://steamspy.com/app/243800, 73% 
https://steamspy.com/app/243930, 56% 
https://steamspy.com/app/243950,NA
https://steamspy.com/app/243970, 82% 
https://steamspy.com/app/244030, 62% 
https://steamspy.com/app/244050, 77% 
https://steamspy.com/app/244160, 86% 
https://steamspy.com/app/244210, 85% 
https://steamspy.com/app/244450, 68% 
https://steamspy.com/app/244590,NA
https://steamspy.com/app/244710, 69% 
https://steamspy.com/app/244730, 73% 
https://steamspy.com/app/244770,NA
https://steamspy.com/app/244850,NA
https://steamspy.com/app/244870,NA
https://steamspy.com/app/244910, 72% 
https://steamspy.com/app/244930,NA
https://steamspy.com/app/245170, 83% 
https://steamspy.com/app/245280, 70% 
https://steamspy.com/app/245470, 70% 
https://steamspy.com/app/245490, 80% 
https://steamspy.com/app/245620, 75% 
https://steamspy.com/app/246090, 49% 
https://steamspy.com/app/246110, 73% 
https://steamspy.com/app/246420,NA
https://steamspy.com/app/246580,NA
https://steamspy.com/app/246620,NA
https://steamspy.com/app/246700, 73% 
https://steamspy.com/app/246760, 71% 
https://steamspy.com/app/246900,NA
https://steamspy.com/app/247000, 51% 
https://steamspy.com/app/247020,NA
https://steamspy.com/app/247080, 87% 
https://steamspy.com/app/247240, 76% 
https://steamspy.com/app/247430,NA
https://steamspy.com/app/247660, 59% 
https://steamspy.com/app/247730, 57% 
https://steamspy.com/app/247950, 57% 
https://steamspy.com/app/248310, 83% 
https://steamspy.com/app/248390,NA
https://steamspy.com/app/248570,NA
https://steamspy.com/app/248610, 83% 
https://steamspy.com/app/248630,NA
https://steamspy.com/app/248650,NA
https://steamspy.com/app/248820, 77% 
https://steamspy.com/app/248860, 77% 
https://steamspy.com/app/249050,NA
https://steamspy.com/app/249130, 78% 
https://steamspy.com/app/249230, 65% 
https://steamspy.com/app/249330,NA
https://steamspy.com/app/249590, 77% 
https://steamspy.com/app/249650, 68% 
https://steamspy.com/app/249680,NA
https://steamspy.com/app/249870, 68% 
https://steamspy.com/app/249990,NA
https://steamspy.com/app/250050,NA
https://steamspy.com/app/250110, 79% 
https://steamspy.com/app/250180,NA
https://steamspy.com/app/250260, 75% 
https://steamspy.com/app/250320, 85% 
https://steamspy.com/app/250340,NA
https://steamspy.com/app/250380, 57% 
https://steamspy.com/app/250400, 60% 
https://steamspy.com/app/250420,NA
https://steamspy.com/app/250460,NA
https://steamspy.com/app/250500,NA
https://steamspy.com/app/250520, 72% 
https://steamspy.com/app/250560, 76% 
https://steamspy.com/app/250580,NA
https://steamspy.com/app/250600,NA
https://steamspy.com/app/250620, 66% 
https://steamspy.com/app/250760, 85% 
https://steamspy.com/app/250900,NA
https://steamspy.com/app/251060, 78% 
https://steamspy.com/app/251130, 75% 
https://steamspy.com/app/251150, 85% 
https://steamspy.com/app/251170,NA
https://steamspy.com/app/251470, 87% 
https://steamspy.com/app/251570,NA
https://steamspy.com/app/251730,NA
https://steamspy.com/app/251870,NA
https://steamspy.com/app/251950, 73% 
https://steamspy.com/app/251990, 67% 
https://steamspy.com/app/252030, 83% 
https://steamspy.com/app/252110, 80% 
https://steamspy.com/app/252330, 65% 
https://steamspy.com/app/252350,NA
https://steamspy.com/app/252410, 76% 
https://steamspy.com/app/252450, 70% 
https://steamspy.com/app/252470,NA
https://steamspy.com/app/252490, 69% 
https://steamspy.com/app/252530,NA
https://steamspy.com/app/252610,NA
https://steamspy.com/app/252630, 77% 
https://steamspy.com/app/252670, 75% 
https://steamspy.com/app/252870,NA
https://steamspy.com/app/252950, 86% 
https://steamspy.com/app/253030, 79% 
https://steamspy.com/app/253110, 81% 
https://steamspy.com/app/253230, 79% 
https://steamspy.com/app/253250,NA
https://steamspy.com/app/253330, 68% 
https://steamspy.com/app/253430,NA
https://steamspy.com/app/253510,NA
https://steamspy.com/app/253710,NA
https://steamspy.com/app/253750, 84% 
https://steamspy.com/app/253840, 76% 
https://steamspy.com/app/253900,NA
https://steamspy.com/app/253980, 71% 
https://steamspy.com/app/254200,NA
https://steamspy.com/app/254440,NA
https://steamspy.com/app/254700, 79% 
https://steamspy.com/app/255070, 69% 
https://steamspy.com/app/255220, 78% 
https://steamspy.com/app/255300, 65% 
https://steamspy.com/app/255420, 60% 
https://steamspy.com/app/255710, 85% 
https://steamspy.com/app/256190, 52% 
https://steamspy.com/app/256290, 77% 
https://steamspy.com/app/257030,NA
https://steamspy.com/app/257170, 75% 
https://steamspy.com/app/257350, 78% 
https://steamspy.com/app/257510, 85% 
https://steamspy.com/app/257730,NA
https://steamspy.com/app/257750,NA
https://steamspy.com/app/257850, 84% 
https://steamspy.com/app/258180, 45% 
https://steamspy.com/app/258520, 82% 
https://steamspy.com/app/258760,NA
https://steamspy.com/app/258970,NA
https://steamspy.com/app/259060,NA
https://steamspy.com/app/259080,NA
https://steamspy.com/app/259550,NA
https://steamspy.com/app/259680,NA
https://steamspy.com/app/259740,NA
https://steamspy.com/app/260210,NA
https://steamspy.com/app/260230,NA
https://steamspy.com/app/260410,NA
https://steamspy.com/app/260430,NA
https://steamspy.com/app/260750, 69% 
https://steamspy.com/app/261110,NA
https://steamspy.com/app/261180, 82% 
https://steamspy.com/app/261470, 81% 
https://steamspy.com/app/261640, 75% 
https://steamspy.com/app/261700,NA
https://steamspy.com/app/261760, 69% 
https://steamspy.com/app/262060, 84% 
https://steamspy.com/app/262150,NA
https://steamspy.com/app/262260,NA
https://steamspy.com/app/262280, 70% 
https://steamspy.com/app/262410,NA
https://steamspy.com/app/262830, 68% 
https://steamspy.com/app/262940,NA
https://steamspy.com/app/262960, 76% 
https://steamspy.com/app/263060,NA
https://steamspy.com/app/263280, 67% 
https://steamspy.com/app/263300,NA
https://steamspy.com/app/263500, 43% 
https://steamspy.com/app/263540,NA
https://steamspy.com/app/263620,NA
https://steamspy.com/app/263760,NA
https://steamspy.com/app/263980,NA
https://steamspy.com/app/264120,NA
https://steamspy.com/app/264200,NA
https://steamspy.com/app/264240,NA
https://steamspy.com/app/264380,NA
https://steamspy.com/app/264710, 87% 
https://steamspy.com/app/264730,NA
https://steamspy.com/app/265210,NA
https://steamspy.com/app/265300, 73% 
https://steamspy.com/app/265330, 50% 
https://steamspy.com/app/265550,NA
https://steamspy.com/app/265590, 74% 
https://steamspy.com/app/265610,NA
https://steamspy.com/app/265630,NA
https://steamspy.com/app/265690, 66% 
https://steamspy.com/app/265890,NA
https://steamspy.com/app/265930, 62% 
https://steamspy.com/app/266010,NA
https://steamspy.com/app/266130,NA
https://steamspy.com/app/266210,NA
https://steamspy.com/app/266310,NA
https://steamspy.com/app/266430,NA
https://steamspy.com/app/266510, 78% 
https://steamspy.com/app/266840, 66% 
https://steamspy.com/app/267490,NA
https://steamspy.com/app/267530,NA
https://steamspy.com/app/268050, 68% 
https://steamspy.com/app/268130, 79% 
https://steamspy.com/app/268420,NA
https://steamspy.com/app/268500, 88% 
https://steamspy.com/app/268540,NA
https://steamspy.com/app/268650,NA
https://steamspy.com/app/268750,NA
https://steamspy.com/app/268850,NA
https://steamspy.com/app/268870, 75% 
https://steamspy.com/app/268910, 88% 
https://steamspy.com/app/269050, 87% 
https://steamspy.com/app/269210,NA
https://steamspy.com/app/269270,NA
https://steamspy.com/app/269490,NA
https://steamspy.com/app/269770,NA
https://steamspy.com/app/269790, 55% 
https://steamspy.com/app/269950,NA
https://steamspy.com/app/270150, 78% 
https://steamspy.com/app/270170,NA
https://steamspy.com/app/270210,NA
https://steamspy.com/app/270450,NA
https://steamspy.com/app/270550,NA
https://steamspy.com/app/270570,NA
https://steamspy.com/app/270630,NA
https://steamspy.com/app/270850,NA
https://steamspy.com/app/270880, 76% 
https://steamspy.com/app/271240, 78% 
https://steamspy.com/app/271500,NA
https://steamspy.com/app/271570,NA
https://steamspy.com/app/271590, 96% 
https://steamspy.com/app/272040,NA
https://steamspy.com/app/272060,NA
https://steamspy.com/app/272270, 81% 
https://steamspy.com/app/272470, 77% 
https://steamspy.com/app/272510, 61% 
https://steamspy.com/app/272890, 63% 
https://steamspy.com/app/273110,NA
https://steamspy.com/app/273500,NA
https://steamspy.com/app/274170,NA
https://steamspy.com/app/274190, 83% 
https://steamspy.com/app/274230, 70% 
https://steamspy.com/app/274270, 75% 
https://steamspy.com/app/274290, 64% 
https://steamspy.com/app/274310, 73% 
https://steamspy.com/app/274350, 80% 
https://steamspy.com/app/274500, 70% 
https://steamspy.com/app/274520, 80% 
https://steamspy.com/app/274560,NA
https://steamspy.com/app/274900,NA
https://steamspy.com/app/274920,NA
https://steamspy.com/app/274940, 65% 
https://steamspy.com/app/275100, 58% 
https://steamspy.com/app/275200,NA
https://steamspy.com/app/275390, 80% 
https://steamspy.com/app/275470,NA
https://steamspy.com/app/275490,NA
https://steamspy.com/app/275670, 73% 
https://steamspy.com/app/275850, 61% 
https://steamspy.com/app/276810, 74% 
https://steamspy.com/app/277430, 70% 
https://steamspy.com/app/278080, 71% 
https://steamspy.com/app/278360, 73% 
https://steamspy.com/app/278460,NA
https://steamspy.com/app/278890,NA
https://steamspy.com/app/278970,NA
https://steamspy.com/app/280160, 71% 
https://steamspy.com/app/280180,NA
https://steamspy.com/app/280220,NA
https://steamspy.com/app/280790,NA
https://steamspy.com/app/281370,NA
https://steamspy.com/app/281610, 79% 
https://steamspy.com/app/281640, 82% 
https://steamspy.com/app/281920,NA
https://steamspy.com/app/281990, 78% 
https://steamspy.com/app/282070, 83% 
https://steamspy.com/app/282140, 84% 
https://steamspy.com/app/282440,NA
https://steamspy.com/app/282560, 43% 
https://steamspy.com/app/282660,NA
https://steamspy.com/app/282760,NA
https://steamspy.com/app/282800,NA
https://steamspy.com/app/282900, 72% 
https://steamspy.com/app/283230,NA
https://steamspy.com/app/283290, 70% 
https://steamspy.com/app/283640, 84% 
https://steamspy.com/app/283680, 86% 
https://steamspy.com/app/283880,NA
https://steamspy.com/app/284160,NA
https://steamspy.com/app/284390, 79% 
https://steamspy.com/app/284950,NA
https://steamspy.com/app/285190, 77% 
https://steamspy.com/app/285310,NA
https://steamspy.com/app/285330, 74% 
https://steamspy.com/app/285440, 85% 
https://steamspy.com/app/285800,NA
https://steamspy.com/app/285900,NA
https://steamspy.com/app/285920,NA
https://steamspy.com/app/286000, 80% 
https://steamspy.com/app/286040, 59% 
https://steamspy.com/app/286100,NA
https://steamspy.com/app/286160,NA
https://steamspy.com/app/286260,NA
https://steamspy.com/app/286340,NA
https://steamspy.com/app/286570, 61% 
https://steamspy.com/app/286690,NA
https://steamspy.com/app/286940,NA
https://steamspy.com/app/287260, 69% 
https://steamspy.com/app/287290,NA
https://steamspy.com/app/287390, 76% 
https://steamspy.com/app/287450, 89% 
https://steamspy.com/app/287700, 91% 
https://steamspy.com/app/287920,NA
https://steamspy.com/app/287980, 77% 
https://steamspy.com/app/288160, 73% 
https://steamspy.com/app/288470,NA
https://steamspy.com/app/289070, 88% 
https://steamspy.com/app/289090,NA
https://steamspy.com/app/289130, 82% 
https://steamspy.com/app/289650,NA
https://steamspy.com/app/289690, 73% 
https://steamspy.com/app/289950,NA
https://steamspy.com/app/290080, 63% 
https://steamspy.com/app/290300,NA
https://steamspy.com/app/290340, 75% 
https://steamspy.com/app/290730,NA
https://steamspy.com/app/290770, 76% 
https://steamspy.com/app/290790, 77% 
https://steamspy.com/app/291410, 82% 
https://steamspy.com/app/291480, 62% 
https://steamspy.com/app/291550,NA
https://steamspy.com/app/291650, 89% 
https://steamspy.com/app/291860, 78% 
https://steamspy.com/app/292030, 93% 
https://steamspy.com/app/292120,NA
https://steamspy.com/app/292140,NA
https://steamspy.com/app/292380,NA
https://steamspy.com/app/292410,NA
https://steamspy.com/app/292630,NA
https://steamspy.com/app/292730, 73% 
https://steamspy.com/app/292910,NA
https://steamspy.com/app/293180,NA
https://steamspy.com/app/293260, 80% 
https://steamspy.com/app/293540,NA
https://steamspy.com/app/293760,NA
https://steamspy.com/app/293780,NA
https://steamspy.com/app/294040,NA
https://steamspy.com/app/294100, 87% 
https://steamspy.com/app/294810,NA
https://steamspy.com/app/294860,NA
https://steamspy.com/app/295550,NA
https://steamspy.com/app/295690,NA
https://steamspy.com/app/295790,NA
https://steamspy.com/app/296070, 75% 
https://steamspy.com/app/296300,NA
https://steamspy.com/app/296470,NA
https://steamspy.com/app/296490,NA
https://steamspy.com/app/296710,NA
https://steamspy.com/app/296770,NA
https://steamspy.com/app/296830, 48% 
https://steamspy.com/app/296870,NA
https://steamspy.com/app/296910,NA
https://steamspy.com/app/296970,NA
https://steamspy.com/app/297000, 65% 
https://steamspy.com/app/297020,NA
https://steamspy.com/app/297120, 72% 
https://steamspy.com/app/297130, 74% 
https://steamspy.com/app/298110, 80% 
https://steamspy.com/app/298160,NA
https://steamspy.com/app/298240,NA
https://steamspy.com/app/298260, 39% 
https://steamspy.com/app/298520, 59% 
https://steamspy.com/app/298600, 61% 
https://steamspy.com/app/298610,NA
https://steamspy.com/app/298630, 71% 
https://steamspy.com/app/299360, 72% 
https://steamspy.com/app/299460,NA
https://steamspy.com/app/299720,NA
https://steamspy.com/app/299740,NA
https://steamspy.com/app/300080,NA
https://steamspy.com/app/300380,NA
https://steamspy.com/app/300550, 87% 
https://steamspy.com/app/300570,NA
https://steamspy.com/app/301520,NA
https://steamspy.com/app/301640, 72% 
https://steamspy.com/app/301750,NA
https://steamspy.com/app/301860, 47% 
https://steamspy.com/app/301910, 66% 
https://steamspy.com/app/301970, 71% 
https://steamspy.com/app/302080, 61% 
https://steamspy.com/app/302380,NA
https://steamspy.com/app/302510, 61% 
https://steamspy.com/app/302590,NA
https://steamspy.com/app/302610,NA
https://steamspy.com/app/302670,NA
https://steamspy.com/app/302710, 66% 
https://steamspy.com/app/302830,NA
https://steamspy.com/app/303210,NA
https://steamspy.com/app/303390,NA
https://steamspy.com/app/304030, 80% 
https://steamspy.com/app/304050,NA
https://steamspy.com/app/304240, 82% 
https://steamspy.com/app/304390, 76% 
https://steamspy.com/app/304410,NA
https://steamspy.com/app/304430, 87% 
https://steamspy.com/app/304530, 68% 
https://steamspy.com/app/304650, 81% 
https://steamspy.com/app/304730, 67% 
https://steamspy.com/app/304930,NA
https://steamspy.com/app/305260,NA
https://steamspy.com/app/305620,NA
https://steamspy.com/app/306020,NA
https://steamspy.com/app/306040,NA
https://steamspy.com/app/306130,NA
https://steamspy.com/app/306660, 84% 
https://steamspy.com/app/307050,NA
https://steamspy.com/app/307070,NA
https://steamspy.com/app/307110,NA
https://steamspy.com/app/307230, 65% 
https://steamspy.com/app/307290,NA
https://steamspy.com/app/307670, 73% 
https://steamspy.com/app/307690,NA
https://steamspy.com/app/307780, 84% 
https://steamspy.com/app/307880,NA
https://steamspy.com/app/307960, 74% 
https://steamspy.com/app/308040,NA
https://steamspy.com/app/308420, 75% 
https://steamspy.com/app/310060,NA
https://steamspy.com/app/310080, 68% 
https://steamspy.com/app/310360,NA
https://steamspy.com/app/310370,NA
https://steamspy.com/app/310470, 63% 
https://steamspy.com/app/310510, 77% 
https://steamspy.com/app/310560, 86% 
https://steamspy.com/app/310790,NA
https://steamspy.com/app/310950, 89% 
https://steamspy.com/app/311210, 73% 
https://steamspy.com/app/311240, 78% 
https://steamspy.com/app/311290, 73% 
https://steamspy.com/app/311310,NA
https://steamspy.com/app/311340, 80% 
https://steamspy.com/app/311560, 74% 
https://steamspy.com/app/311690, 84% 
https://steamspy.com/app/311730, 69% 
https://steamspy.com/app/311870,NA
https://steamspy.com/app/312150,NA
https://steamspy.com/app/312280,NA
https://steamspy.com/app/312450, 81% 
https://steamspy.com/app/312520, 66% 
https://steamspy.com/app/312530, 82% 
https://steamspy.com/app/312610,NA
https://steamspy.com/app/312660, 78% 
https://steamspy.com/app/312670, 68% 
https://steamspy.com/app/312750,NA
https://steamspy.com/app/312840,NA
https://steamspy.com/app/312990,NA
https://steamspy.com/app/313010, 47% 
https://steamspy.com/app/313020,NA
https://steamspy.com/app/313120,NA
https://steamspy.com/app/313160, 64% 
https://steamspy.com/app/313340,NA
https://steamspy.com/app/313630, 68% 
https://steamspy.com/app/313690,NA
https://steamspy.com/app/313730,NA
https://steamspy.com/app/313740,NA
https://steamspy.com/app/314000,NA
https://steamspy.com/app/314020,NA
https://steamspy.com/app/314160,NA
https://steamspy.com/app/314230,NA
https://steamspy.com/app/314280,NA
https://steamspy.com/app/314410, 80% 
https://steamspy.com/app/314660, 86% 
https://steamspy.com/app/314710, 52% 
https://steamspy.com/app/314790, 75% 
https://steamspy.com/app/314970,NA
https://steamspy.com/app/315430,NA
https://steamspy.com/app/315660,NA
https://steamspy.com/app/315810,NA
https://steamspy.com/app/316010,NA
https://steamspy.com/app/316390,NA
https://steamspy.com/app/316720,NA
https://steamspy.com/app/316790, 84% 
https://steamspy.com/app/317250,NA
https://steamspy.com/app/317360,NA
https://steamspy.com/app/317410,NA
https://steamspy.com/app/317470,NA
https://steamspy.com/app/317820, 72% 
https://steamspy.com/app/318020, 71% 
https://steamspy.com/app/318100,NA
https://steamspy.com/app/318220,NA
https://steamspy.com/app/318230, 72% 
https://steamspy.com/app/318430,NA
https://steamspy.com/app/318600, 73% 
https://steamspy.com/app/319510, 78% 
https://steamspy.com/app/319630,NA
https://steamspy.com/app/319910,NA
https://steamspy.com/app/320040, 62% 
https://steamspy.com/app/320140,NA
https://steamspy.com/app/320240, 62% 
https://steamspy.com/app/320300, 68% 
https://steamspy.com/app/320340,NA
https://steamspy.com/app/321360,NA
https://steamspy.com/app/321400,NA
https://steamspy.com/app/322110,NA
https://steamspy.com/app/322170,NA
https://steamspy.com/app/322190, 81% 
https://steamspy.com/app/322330, 83% 
https://steamspy.com/app/322500, 82% 
https://steamspy.com/app/322780,NA
https://steamspy.com/app/322910, 72% 
https://steamspy.com/app/323060, 61% 
https://steamspy.com/app/323190, 84% 
https://steamspy.com/app/323320, 75% 
https://steamspy.com/app/323380, 79% 
https://steamspy.com/app/323470,NA
https://steamspy.com/app/323580, 79% 
https://steamspy.com/app/323850, 80% 
https://steamspy.com/app/324160, 83% 
https://steamspy.com/app/324310,NA
https://steamspy.com/app/324510,NA
https://steamspy.com/app/324800, 78% 
https://steamspy.com/app/324810,NA
https://steamspy.com/app/325610, 80% 
https://steamspy.com/app/326160, 58% 
https://steamspy.com/app/326180,NA
https://steamspy.com/app/326190,NA
https://steamspy.com/app/326410, 61% 
https://steamspy.com/app/326460,NA
https://steamspy.com/app/326480,NA
https://steamspy.com/app/327030, 79% 
https://steamspy.com/app/327070,NA
https://steamspy.com/app/327090,NA
https://steamspy.com/app/327410, 66% 
https://steamspy.com/app/327640,NA
https://steamspy.com/app/327890, 60% 
https://steamspy.com/app/328080,NA
https://steamspy.com/app/328760,NA
https://steamspy.com/app/329050,NA
https://steamspy.com/app/329110,NA
https://steamspy.com/app/329130,NA
https://steamspy.com/app/329430,NA
https://steamspy.com/app/329440,NA
https://steamspy.com/app/329490, 64% 
https://steamspy.com/app/330390,NA
https://steamspy.com/app/330820, 80% 
https://steamspy.com/app/330830,NA
https://steamspy.com/app/331120,NA
https://steamspy.com/app/331360,NA
https://steamspy.com/app/331440,NA
https://steamspy.com/app/331470,NA
https://steamspy.com/app/331480, 71% 
https://steamspy.com/app/331500,NA
https://steamspy.com/app/331600,NA
https://steamspy.com/app/331870,NA
https://steamspy.com/app/332070,NA
https://steamspy.com/app/332200, 80% 
https://steamspy.com/app/332310,NA
https://steamspy.com/app/332500,NA
https://steamspy.com/app/332570,NA
https://steamspy.com/app/332800, 62% 
https://steamspy.com/app/332950,NA
https://steamspy.com/app/333250,NA
https://steamspy.com/app/333420,NA
https://steamspy.com/app/333600,NA
https://steamspy.com/app/333640,NA
https://steamspy.com/app/333930, 63% 
https://steamspy.com/app/333950,NA
https://steamspy.com/app/333980,NA
https://steamspy.com/app/334040,NA
https://steamspy.com/app/334210,NA
https://steamspy.com/app/334230,NA
https://steamspy.com/app/334420,NA
https://steamspy.com/app/335000, 72% 
https://steamspy.com/app/335240,NA
https://steamspy.com/app/335300, 79% 
https://steamspy.com/app/335330,NA
https://steamspy.com/app/335430,NA
https://steamspy.com/app/335620,NA
https://steamspy.com/app/335670, 77% 
https://steamspy.com/app/337000, 83% 
https://steamspy.com/app/337320,NA
https://steamspy.com/app/337340, 81% 
https://steamspy.com/app/337950,NA
https://steamspy.com/app/338170,NA
https://steamspy.com/app/338180,NA
https://steamspy.com/app/338390, 56% 
https://steamspy.com/app/338540,NA
https://steamspy.com/app/339200, 74% 
https://steamspy.com/app/339230, 65% 
https://steamspy.com/app/339280,NA
https://steamspy.com/app/339340,NA
https://steamspy.com/app/339400,NA
https://steamspy.com/app/339600,NA
https://steamspy.com/app/339610,NA
https://steamspy.com/app/339800,NA
https://steamspy.com/app/340050,NA
https://steamspy.com/app/340150,NA
https://steamspy.com/app/340170, 69% 
https://steamspy.com/app/341000,NA
https://steamspy.com/app/341310,NA
https://steamspy.com/app/341500,NA
https://steamspy.com/app/341720,NA
https://steamspy.com/app/341800, 71% 
https://steamspy.com/app/341940, 43% 
https://steamspy.com/app/342180, 81% 
https://steamspy.com/app/342200,NA
https://steamspy.com/app/342380,NA
https://steamspy.com/app/342480,NA
https://steamspy.com/app/342560,NA
https://steamspy.com/app/342580,NA
https://steamspy.com/app/342980,NA
https://steamspy.com/app/343100, 76% 
https://steamspy.com/app/343360,NA
https://steamspy.com/app/343710, 64% 
https://steamspy.com/app/343860, 76% 
https://steamspy.com/app/344040,NA
https://steamspy.com/app/344760,NA
https://steamspy.com/app/344770,NA
https://steamspy.com/app/344850, 72% 
https://steamspy.com/app/345180, 75% 
https://steamspy.com/app/345350,NA
https://steamspy.com/app/345390,NA
https://steamspy.com/app/345650,NA
https://steamspy.com/app/345820,NA
https://steamspy.com/app/346010,NA
https://steamspy.com/app/346110, 70% 
https://steamspy.com/app/346120,NA
https://steamspy.com/app/346250,NA
https://steamspy.com/app/346330,NA
https://steamspy.com/app/346560,NA
https://steamspy.com/app/346900,NA
https://steamspy.com/app/346940, 81% 
https://steamspy.com/app/347430,NA
https://steamspy.com/app/347560,NA
https://steamspy.com/app/347620,NA
https://steamspy.com/app/347830, 66% 
https://steamspy.com/app/348020,NA
https://steamspy.com/app/348250,NA
https://steamspy.com/app/348620,NA
https://steamspy.com/app/349040,NA
https://steamspy.com/app/349720,NA
https://steamspy.com/app/350080, 76% 
https://steamspy.com/app/350640, 65% 
https://steamspy.com/app/350740, 81% 
https://steamspy.com/app/351030,NA
https://steamspy.com/app/351290,NA
https://steamspy.com/app/351490,NA
https://steamspy.com/app/351640,NA
https://steamspy.com/app/351710,NA
https://steamspy.com/app/351800,NA
https://steamspy.com/app/351920, 71% 
https://steamspy.com/app/351940, 59% 
https://steamspy.com/app/351970, 77% 
https://steamspy.com/app/351990,NA
https://steamspy.com/app/352400, 72% 
https://steamspy.com/app/352460,NA
https://steamspy.com/app/352520,NA
https://steamspy.com/app/353130,NA
https://steamspy.com/app/353270,NA
https://steamspy.com/app/353360,NA
https://steamspy.com/app/353560,NA
https://steamspy.com/app/353640, 69% 
https://steamspy.com/app/353700, 73% 
https://steamspy.com/app/354140, 68% 
https://steamspy.com/app/354200,NA
https://steamspy.com/app/354240,NA
https://steamspy.com/app/354380,NA
https://steamspy.com/app/355180,NA
https://steamspy.com/app/355790, 72% 
https://steamspy.com/app/355840,NA
https://steamspy.com/app/355980,NA
https://steamspy.com/app/356040, 62% 
https://steamspy.com/app/356190,NA
https://steamspy.com/app/356310,NA
https://steamspy.com/app/356400, 86% 
https://steamspy.com/app/356500,NA
https://steamspy.com/app/356520,NA
https://steamspy.com/app/356570, 64% 
https://steamspy.com/app/356670,NA
https://steamspy.com/app/357070,NA
https://steamspy.com/app/357190,NA
https://steamspy.com/app/357770,NA
https://steamspy.com/app/357900,NA
https://steamspy.com/app/358130, 74% 
https://steamspy.com/app/359050,NA
https://steamspy.com/app/359310,NA
https://steamspy.com/app/359320, 80% 
https://steamspy.com/app/359390,NA
https://steamspy.com/app/359550,NA
https://steamspy.com/app/359800,NA
https://steamspy.com/app/359870,NA
https://steamspy.com/app/360150,NA
https://steamspy.com/app/360170, 69% 
https://steamspy.com/app/360430, 62% 
https://steamspy.com/app/360640,NA
https://steamspy.com/app/360740, 81% 
https://steamspy.com/app/360830, 73% 
https://steamspy.com/app/360870,NA
https://steamspy.com/app/360940,NA
https://steamspy.com/app/361280, 73% 
https://steamspy.com/app/361300, 70% 
https://steamspy.com/app/361420,NA
https://steamspy.com/app/361630,NA
https://steamspy.com/app/361800,NA
https://steamspy.com/app/362490,NA
https://steamspy.com/app/362620,NA
https://steamspy.com/app/362680, 70% 
https://steamspy.com/app/362890, 84% 
https://steamspy.com/app/362930,NA
https://steamspy.com/app/362960, 80% 
https://steamspy.com/app/363130,NA
https://steamspy.com/app/363440, 85% 
https://steamspy.com/app/363600, 69% 
https://steamspy.com/app/363680, 77% 
https://steamspy.com/app/363890,NA
https://steamspy.com/app/363930,NA
https://steamspy.com/app/363970,NA
https://steamspy.com/app/364050,NA
https://steamspy.com/app/364360, 86% 
https://steamspy.com/app/364420,NA
https://steamspy.com/app/364470,NA
https://steamspy.com/app/364690,NA
https://steamspy.com/app/365160, 73% 
https://steamspy.com/app/365300,NA
https://steamspy.com/app/365450, 82% 
https://steamspy.com/app/365590,NA
https://steamspy.com/app/366090,NA
https://steamspy.com/app/366220,NA
https://steamspy.com/app/366250,NA
https://steamspy.com/app/366320, 75% 
https://steamspy.com/app/366890,NA
https://steamspy.com/app/366910, 68% 
https://steamspy.com/app/367120,NA
https://steamspy.com/app/367450, 73% 
https://steamspy.com/app/367500, 81% 
https://steamspy.com/app/367520, 87% 
https://steamspy.com/app/367580,NA
https://steamspy.com/app/367670,NA
https://steamspy.com/app/368070,NA
https://steamspy.com/app/368230, 74% 
https://steamspy.com/app/368360,NA
https://steamspy.com/app/368370, 86% 
https://steamspy.com/app/368500, 74% 
https://steamspy.com/app/368730,NA
https://steamspy.com/app/368950,NA
https://steamspy.com/app/368990,NA
https://steamspy.com/app/369070, 74% 
https://steamspy.com/app/369400,NA
https://steamspy.com/app/369580,NA
https://steamspy.com/app/369990, 75% 
https://steamspy.com/app/370280,NA
https://steamspy.com/app/370360,NA
https://steamspy.com/app/370510,NA
https://steamspy.com/app/370910, 77% 
https://steamspy.com/app/371200, 71% 
https://steamspy.com/app/371570,NA
https://steamspy.com/app/371660, 74% 
https://steamspy.com/app/371970,NA
https://steamspy.com/app/372000,NA
https://steamspy.com/app/372360,NA
https://steamspy.com/app/372540,NA
https://steamspy.com/app/372800,NA
https://steamspy.com/app/373180,NA
https://steamspy.com/app/373330,NA
https://steamspy.com/app/373420, 94% 
https://steamspy.com/app/373770,NA
https://steamspy.com/app/374030, 74% 
https://steamspy.com/app/374040, 72% 
https://steamspy.com/app/374280,NA
https://steamspy.com/app/374320, 89% 
https://steamspy.com/app/375230,NA
https://steamspy.com/app/375460,NA
https://steamspy.com/app/375510,NA
https://steamspy.com/app/375600,NA
https://steamspy.com/app/375820, 78% 
https://steamspy.com/app/375900,NA
https://steamspy.com/app/375910, 72% 
https://steamspy.com/app/375950, 46% 
https://steamspy.com/app/376210,NA
https://steamspy.com/app/376300, 84% 
https://steamspy.com/app/376870,NA
https://steamspy.com/app/377160, 84% 
https://steamspy.com/app/377530,NA
https://steamspy.com/app/377840, 84% 
https://steamspy.com/app/378370,NA
https://steamspy.com/app/378540, 72% 
https://steamspy.com/app/378610,NA
https://steamspy.com/app/378720, 73% 
https://steamspy.com/app/378860, 84% 
https://steamspy.com/app/379430, 76% 
https://steamspy.com/app/379720, 85% 
https://steamspy.com/app/379980,NA
https://steamspy.com/app/380600,NA
https://steamspy.com/app/380840,NA
https://steamspy.com/app/381120,NA
https://steamspy.com/app/381210,NA
https://steamspy.com/app/381780, 84% 
https://steamspy.com/app/381940,NA
https://steamspy.com/app/382110,NA
https://steamspy.com/app/382140, 63% 
https://steamspy.com/app/382310,NA
https://steamspy.com/app/382490,NA
https://steamspy.com/app/383080,NA
https://steamspy.com/app/383120,NA
https://steamspy.com/app/383150,NA
https://steamspy.com/app/383180,NA
https://steamspy.com/app/383230, 67% 
https://steamspy.com/app/383580,NA
https://steamspy.com/app/383870, 81% 
https://steamspy.com/app/383980,NA
https://steamspy.com/app/384180,NA
https://steamspy.com/app/384190, 83% 
https://steamspy.com/app/384300,NA
https://steamspy.com/app/384490,NA
https://steamspy.com/app/384630, 77% 
https://steamspy.com/app/385270,NA
https://steamspy.com/app/385370,NA
https://steamspy.com/app/385380,NA
https://steamspy.com/app/385710, 68% 
https://steamspy.com/app/385730, 74% 
https://steamspy.com/app/385760, 90% 
https://steamspy.com/app/385770,NA
https://steamspy.com/app/385800,NA
https://steamspy.com/app/386070,NA
https://steamspy.com/app/386180,NA
https://steamspy.com/app/386360, 83% 
https://steamspy.com/app/386480,NA
https://steamspy.com/app/386620, 62% 
https://steamspy.com/app/386880,NA
https://steamspy.com/app/386940,NA
https://steamspy.com/app/387290, 88% 
https://steamspy.com/app/387340,NA
https://steamspy.com/app/387860,NA
https://steamspy.com/app/387990,NA
https://steamspy.com/app/388090, 51% 
https://steamspy.com/app/388210, 86% 
https://steamspy.com/app/388410,NA
https://steamspy.com/app/388750,NA
https://steamspy.com/app/388880, 80% 
https://steamspy.com/app/389430,NA
https://steamspy.com/app/389570,NA
https://steamspy.com/app/389730, 82% 
https://steamspy.com/app/390340,NA
https://steamspy.com/app/390520,NA
https://steamspy.com/app/390670,NA
https://steamspy.com/app/391040, 86% 
https://steamspy.com/app/391220, 86% 
https://steamspy.com/app/391260,NA
https://steamspy.com/app/391270,NA
https://steamspy.com/app/391460,NA
https://steamspy.com/app/391540, 92% 
https://steamspy.com/app/391720, 72% 
https://steamspy.com/app/391730, 78% 
https://steamspy.com/app/392110,NA
https://steamspy.com/app/392160,NA
https://steamspy.com/app/393080,NA
https://steamspy.com/app/393380,NA
https://steamspy.com/app/393410,NA
https://steamspy.com/app/393420,NA
https://steamspy.com/app/393530,NA
https://steamspy.com/app/394230, 69% 
https://steamspy.com/app/394310, 73% 
https://steamspy.com/app/394360, 83% 
https://steamspy.com/app/394510, 83% 
https://steamspy.com/app/394690,NA
https://steamspy.com/app/394760, 53% 
https://steamspy.com/app/394970, 76% 
https://steamspy.com/app/395170, 76% 
https://steamspy.com/app/395520,NA
https://steamspy.com/app/396650,NA
https://steamspy.com/app/396750, 79% 
https://steamspy.com/app/397060, 81% 
https://steamspy.com/app/397270,NA
https://steamspy.com/app/397340, 69% 
https://steamspy.com/app/397900,NA
https://steamspy.com/app/397950, 76% 
https://steamspy.com/app/398710,NA
https://steamspy.com/app/398850, 74% 
https://steamspy.com/app/399670,NA
https://steamspy.com/app/399820,NA
https://steamspy.com/app/400170, 79% 
https://steamspy.com/app/400240,NA
https://steamspy.com/app/400250,NA
https://steamspy.com/app/400630, 78% 
https://steamspy.com/app/400910,NA
https://steamspy.com/app/401190,NA
https://steamspy.com/app/402180,NA
https://steamspy.com/app/402570, 81% 
https://steamspy.com/app/402710,NA
https://steamspy.com/app/402840,NA
https://steamspy.com/app/403190,NA
https://steamspy.com/app/403640, 86% 
https://steamspy.com/app/403970, 61% 
https://steamspy.com/app/404410,NA
https://steamspy.com/app/404540, 84% 
https://steamspy.com/app/404590,NA
https://steamspy.com/app/404680, 76% 
https://steamspy.com/app/405310,NA
https://steamspy.com/app/405640, 86% 
https://steamspy.com/app/405710,NA
https://steamspy.com/app/405820,NA
https://steamspy.com/app/405900, 74% 
https://steamspy.com/app/406150,NA
https://steamspy.com/app/406970,NA
https://steamspy.com/app/407330,NA
https://steamspy.com/app/407840,NA
https://steamspy.com/app/407900,NA
https://steamspy.com/app/409100,NA
https://steamspy.com/app/409160,NA
https://steamspy.com/app/409510,NA
https://steamspy.com/app/409710, 80% 
https://steamspy.com/app/409720,NA
https://steamspy.com/app/410110, 74% 
https://steamspy.com/app/410320, 79% 
https://steamspy.com/app/410380, 87% 
https://steamspy.com/app/410900, 74% 
https://steamspy.com/app/411300, 67% 
https://steamspy.com/app/411560,NA
https://steamspy.com/app/411830, 70% 
https://steamspy.com/app/411960,NA
https://steamspy.com/app/412140,NA
https://steamspy.com/app/412400,NA
https://steamspy.com/app/412450,NA
https://steamspy.com/app/412740,NA
https://steamspy.com/app/412830, 87% 
https://steamspy.com/app/412880,NA
https://steamspy.com/app/413150, 89% 
https://steamspy.com/app/413410, 82% 
https://steamspy.com/app/413420, 83% 
https://steamspy.com/app/414290,NA
https://steamspy.com/app/414340, 83% 
https://steamspy.com/app/414530,NA
https://steamspy.com/app/414700, 75% 
https://steamspy.com/app/414740, 53% 
https://steamspy.com/app/415200, 81% 
https://steamspy.com/app/415270,NA
https://steamspy.com/app/415590, 61% 
https://steamspy.com/app/415660,NA
https://steamspy.com/app/415860,NA
https://steamspy.com/app/415880,NA
https://steamspy.com/app/416590,NA
https://steamspy.com/app/416600, 85% 
https://steamspy.com/app/416680, 81% 
https://steamspy.com/app/417290, 75% 
https://steamspy.com/app/417860,NA
https://steamspy.com/app/417910,NA
https://steamspy.com/app/418030,NA
https://steamspy.com/app/418070,NA
https://steamspy.com/app/418180, 60% 
https://steamspy.com/app/418240, 85% 
https://steamspy.com/app/418340,NA
https://steamspy.com/app/418370, 83% 
https://steamspy.com/app/418460, 81% 
https://steamspy.com/app/418650,NA
https://steamspy.com/app/420110,NA
https://steamspy.com/app/420290,NA
https://steamspy.com/app/420530, 80% 
https://steamspy.com/app/420740,NA
https://steamspy.com/app/421020, 78% 
https://steamspy.com/app/421040,NA
https://steamspy.com/app/421050, 76% 
https://steamspy.com/app/421120, 80% 
https://steamspy.com/app/422810,NA
https://steamspy.com/app/422870,NA
https://steamspy.com/app/422970, 83% 
https://steamspy.com/app/423230, 76% 
https://steamspy.com/app/423580, 73% 
https://steamspy.com/app/423880,NA
https://steamspy.com/app/424280,NA
https://steamspy.com/app/424370, 60% 
https://steamspy.com/app/424840, 81% 
https://steamspy.com/app/425220,NA
https://steamspy.com/app/425580,NA
https://steamspy.com/app/426000,NA
https://steamspy.com/app/426790, 71% 
https://steamspy.com/app/427190,NA
https://steamspy.com/app/427290, 72% 
https://steamspy.com/app/427520, 91% 
https://steamspy.com/app/427730,NA
https://steamspy.com/app/428550, 82% 
https://steamspy.com/app/428690,NA
https://steamspy.com/app/429050,NA
https://steamspy.com/app/429180,NA
https://steamspy.com/app/429660, 80% 
https://steamspy.com/app/429680, 63% 
https://steamspy.com/app/429790,NA
https://steamspy.com/app/430960,NA
https://steamspy.com/app/431240,NA
https://steamspy.com/app/431540,NA
https://steamspy.com/app/431960,NA
https://steamspy.com/app/432020,NA
https://steamspy.com/app/433340, 81% 
https://steamspy.com/app/433350,NA
https://steamspy.com/app/433850, 70% 
https://steamspy.com/app/433910,NA
https://steamspy.com/app/433950,NA
https://steamspy.com/app/434030,NA
https://steamspy.com/app/434250,NA
https://steamspy.com/app/434460,NA
https://steamspy.com/app/434570,NA
https://steamspy.com/app/434650,NA
https://steamspy.com/app/434730,NA
https://steamspy.com/app/435030,NA
https://steamspy.com/app/435120, 65% 
https://steamspy.com/app/435150, 93% 
https://steamspy.com/app/435400, 78% 
https://steamspy.com/app/435530, 76% 
https://steamspy.com/app/436110,NA
https://steamspy.com/app/436150,NA
https://steamspy.com/app/436180,NA
https://steamspy.com/app/436520,NA
https://steamspy.com/app/436820,NA
https://steamspy.com/app/437160, 77% 
https://steamspy.com/app/437920, 80% 
https://steamspy.com/app/438040,NA
https://steamspy.com/app/438100,NA
https://steamspy.com/app/438270,NA
https://steamspy.com/app/438490,NA
https://steamspy.com/app/438640,NA
https://steamspy.com/app/438680,NA
https://steamspy.com/app/438740, 61% 
https://steamspy.com/app/439190, 74% 
https://steamspy.com/app/440760,NA
https://steamspy.com/app/440900, 68% 
https://steamspy.com/app/441790,NA
https://steamspy.com/app/441830,NA
https://steamspy.com/app/441870,NA
https://steamspy.com/app/442080,NA
https://steamspy.com/app/442780,NA
https://steamspy.com/app/443580,NA
https://steamspy.com/app/443810,NA
https://steamspy.com/app/444090, 83% 
https://steamspy.com/app/444200,NA
https://steamspy.com/app/444640,NA
https://steamspy.com/app/445220,NA
https://steamspy.com/app/445980, 79% 
https://steamspy.com/app/446020, 65% 
https://steamspy.com/app/446150,NA
https://steamspy.com/app/446800, 71% 
https://steamspy.com/app/447020, 69% 
https://steamspy.com/app/447040,NA
https://steamspy.com/app/447530, 77% 
https://steamspy.com/app/447820, 77% 
https://steamspy.com/app/448280, 68% 
https://steamspy.com/app/448510, 81% 
https://steamspy.com/app/448780,NA
https://steamspy.com/app/449040,NA
https://steamspy.com/app/449140,NA
https://steamspy.com/app/449220,NA
https://steamspy.com/app/449540,NA
https://steamspy.com/app/449800,NA
https://steamspy.com/app/449960, 72% 
https://steamspy.com/app/450390,NA
https://steamspy.com/app/450540,NA
https://steamspy.com/app/451020, 78% 
https://steamspy.com/app/451340,NA
https://steamspy.com/app/451760,NA
https://steamspy.com/app/452060,NA
https://steamspy.com/app/452570, 80% 
https://steamspy.com/app/453090, 83% 
https://steamspy.com/app/453480,NA
https://steamspy.com/app/454650, 78% 
https://steamspy.com/app/455980, 72% 
https://steamspy.com/app/456670, 80% 
https://steamspy.com/app/456750,NA
https://steamspy.com/app/457140, 86% 
https://steamspy.com/app/457210,NA
https://steamspy.com/app/457330,NA
https://steamspy.com/app/457550,NA
https://steamspy.com/app/458710,NA
https://steamspy.com/app/459220,NA
https://steamspy.com/app/459820,NA
https://steamspy.com/app/460120,NA
https://steamspy.com/app/460790, 90% 
https://steamspy.com/app/460810, 78% 
https://steamspy.com/app/460920, 72% 
https://steamspy.com/app/460930,NA
https://steamspy.com/app/460950, 83% 
https://steamspy.com/app/461560,NA
https://steamspy.com/app/461840,NA
https://steamspy.com/app/461910,NA
https://steamspy.com/app/461950, 71% 
https://steamspy.com/app/462770, 82% 
https://steamspy.com/app/462780,NA
https://steamspy.com/app/462930,NA
https://steamspy.com/app/463150,NA
https://steamspy.com/app/463270,NA
https://steamspy.com/app/463530,NA
https://steamspy.com/app/464060, 75% 
https://steamspy.com/app/464340, 51% 
https://steamspy.com/app/464920, 76% 
https://steamspy.com/app/465520,NA
https://steamspy.com/app/466240,NA
https://steamspy.com/app/466300, 85% 
https://steamspy.com/app/466500,NA
https://steamspy.com/app/466560, 80% 
https://steamspy.com/app/466910,NA
https://steamspy.com/app/467960,NA
https://steamspy.com/app/468530,NA
https://steamspy.com/app/468560,NA
https://steamspy.com/app/468920, 70% 
https://steamspy.com/app/469600,NA
https://steamspy.com/app/469820, 68% 
https://steamspy.com/app/470220,NA
https://steamspy.com/app/470260, 75% 
https://steamspy.com/app/471550,NA
https://steamspy.com/app/471710,NA
https://steamspy.com/app/473690, 75% 
https://steamspy.com/app/473740,NA
https://steamspy.com/app/473770,NA
https://steamspy.com/app/474750, 77% 
https://steamspy.com/app/474960, 66% 
https://steamspy.com/app/475150,NA
https://steamspy.com/app/475190, 67% 
https://steamspy.com/app/475550, 75% 
https://steamspy.com/app/476600,NA
https://steamspy.com/app/477160, 70% 
https://steamspy.com/app/477770, 67% 
https://steamspy.com/app/480430, 68% 
https://steamspy.com/app/480490,NA
https://steamspy.com/app/480650,NA
https://steamspy.com/app/482920,NA
https://steamspy.com/app/483980,NA
https://steamspy.com/app/484950,NA
https://steamspy.com/app/485310,NA
https://steamspy.com/app/485380,NA
https://steamspy.com/app/485510, 84% 
https://steamspy.com/app/485610,NA
https://steamspy.com/app/485980,NA
https://steamspy.com/app/486310,NA
https://steamspy.com/app/487120,NA
https://steamspy.com/app/487220,NA
https://steamspy.com/app/487430,NA
https://steamspy.com/app/487720, 47% 
https://steamspy.com/app/488310,NA
https://steamspy.com/app/488440,NA
https://steamspy.com/app/488790,NA
https://steamspy.com/app/489360,NA
https://steamspy.com/app/489520,NA
https://steamspy.com/app/489630, 71% 
https://steamspy.com/app/489830, 74% 
https://steamspy.com/app/489940,NA
https://steamspy.com/app/491130,NA
https://steamspy.com/app/491530,NA
https://steamspy.com/app/491950, 77% 
https://steamspy.com/app/492720, 78% 
https://steamspy.com/app/493200, 78% 
https://steamspy.com/app/493340, 84% 
https://steamspy.com/app/493490,NA
https://steamspy.com/app/493900, 75% 
https://steamspy.com/app/495890,NA
https://steamspy.com/app/495910, 78% 
https://steamspy.com/app/496240,NA
https://steamspy.com/app/496300,NA
https://steamspy.com/app/496460,NA
https://steamspy.com/app/496890,NA
https://steamspy.com/app/497180,NA
https://steamspy.com/app/497640,NA
https://steamspy.com/app/498240,NA
https://steamspy.com/app/499440,NA
https://steamspy.com/app/499520, 74% 
https://steamspy.com/app/500710,NA
https://steamspy.com/app/501080, 69% 
https://steamspy.com/app/501300, 89% 
https://steamspy.com/app/501590, 76% 
https://steamspy.com/app/502280,NA
https://steamspy.com/app/502500,NA
https://steamspy.com/app/502550,NA
https://steamspy.com/app/502800, 71% 
https://steamspy.com/app/503300,NA
https://steamspy.com/app/503560, 68% 
https://steamspy.com/app/503940, 74% 
https://steamspy.com/app/504210,NA
https://steamspy.com/app/504230, 88% 
https://steamspy.com/app/504370, 85% 
https://steamspy.com/app/505170,NA
https://steamspy.com/app/505460,NA
https://steamspy.com/app/506140,NA
https://steamspy.com/app/506610, 62% 
https://steamspy.com/app/507010,NA
https://steamspy.com/app/507490, 81% 
https://steamspy.com/app/508190,NA
https://steamspy.com/app/508440,NA
https://steamspy.com/app/509220,NA
https://steamspy.com/app/510050,NA
https://steamspy.com/app/511470,NA
https://steamspy.com/app/511680,NA
https://steamspy.com/app/511740,NA
https://steamspy.com/app/511800,NA
https://steamspy.com/app/512250, 64% 
https://steamspy.com/app/512470,NA
https://steamspy.com/app/512790, 83% 
https://steamspy.com/app/512900,NA
https://steamspy.com/app/513000,NA
https://steamspy.com/app/513230,NA
https://steamspy.com/app/513450,NA
https://steamspy.com/app/513510,NA
https://steamspy.com/app/513560,NA
https://steamspy.com/app/513710,NA
https://steamspy.com/app/513780,NA
https://steamspy.com/app/514900, 78% 
https://steamspy.com/app/515040,NA
https://steamspy.com/app/515220, 89% 
https://steamspy.com/app/516750,NA
https://steamspy.com/app/517630, 68% 
https://steamspy.com/app/517710, 81% 
https://steamspy.com/app/518030,NA
https://steamspy.com/app/518580,NA
https://steamspy.com/app/518790,NA
https://steamspy.com/app/519140,NA
https://steamspy.com/app/519190,NA
https://steamspy.com/app/519860, 88% 
https://steamspy.com/app/520440,NA
https://steamspy.com/app/520530,NA
https://steamspy.com/app/521890, 38% 
https://steamspy.com/app/523210, 71% 
https://steamspy.com/app/523780, 81% 
https://steamspy.com/app/524220, 84% 
https://steamspy.com/app/524580,NA
https://steamspy.com/app/525480, 69% 
https://steamspy.com/app/525510, 80% 
https://steamspy.com/app/526160,NA
https://steamspy.com/app/526740,NA
https://steamspy.com/app/527100,NA
https://steamspy.com/app/527230, 79% 
https://steamspy.com/app/527270, 73% 
https://steamspy.com/app/527430, 67% 
https://steamspy.com/app/528230,NA
https://steamspy.com/app/529110,NA
https://steamspy.com/app/529180,NA
https://steamspy.com/app/529780,NA
https://steamspy.com/app/530330,NA
https://steamspy.com/app/530620,NA
https://steamspy.com/app/530630, 68% 
https://steamspy.com/app/530700,NA
https://steamspy.com/app/530890,NA
https://steamspy.com/app/531510,NA
https://steamspy.com/app/531640,NA
https://steamspy.com/app/532110, 75% 
https://steamspy.com/app/532210,NA
https://steamspy.com/app/532840, 75% 
https://steamspy.com/app/533300,NA
https://steamspy.com/app/533540,NA
https://steamspy.com/app/533780,NA
https://steamspy.com/app/535230, 73% 
https://steamspy.com/app/535480,NA
https://steamspy.com/app/535930, 83% 
https://steamspy.com/app/536930,NA
https://steamspy.com/app/537110,NA
https://steamspy.com/app/537180,NA
https://steamspy.com/app/537340,NA
https://steamspy.com/app/537800, 75% 
https://steamspy.com/app/538100,NA
https://steamspy.com/app/538680, 80% 
https://steamspy.com/app/540610,NA
https://steamspy.com/app/540840,NA
https://steamspy.com/app/541300,NA
https://steamspy.com/app/541570,NA
https://steamspy.com/app/542310,NA
https://steamspy.com/app/542340,NA
https://steamspy.com/app/543460, 74% 
https://steamspy.com/app/543900, 54% 
https://steamspy.com/app/544550,NA
https://steamspy.com/app/544730,NA
https://steamspy.com/app/544750, 80% 
https://steamspy.com/app/544920, 74% 
https://steamspy.com/app/545250,NA
https://steamspy.com/app/546050,NA
https://steamspy.com/app/546390,NA
https://steamspy.com/app/547680,NA
https://steamspy.com/app/547860,NA
https://steamspy.com/app/548430, 85% 
https://steamspy.com/app/550010,NA
https://steamspy.com/app/550470,NA
https://steamspy.com/app/550650,NA
https://steamspy.com/app/550840,NA
https://steamspy.com/app/550900,NA
https://steamspy.com/app/551730, 73% 
https://steamspy.com/app/552100,NA
https://steamspy.com/app/552500, 82% 
https://steamspy.com/app/552520,NA
https://steamspy.com/app/552590, 83% 
https://steamspy.com/app/552620, 70% 
https://steamspy.com/app/552700,NA
https://steamspy.com/app/552990, 81% 
https://steamspy.com/app/553310,NA
https://steamspy.com/app/553640, 84% 
https://steamspy.com/app/554620, 77% 
https://steamspy.com/app/555150,NA
https://steamspy.com/app/555160,NA
https://steamspy.com/app/555210,NA
https://steamspy.com/app/555220, 83% 
https://steamspy.com/app/555570,NA
https://steamspy.com/app/555880, 78% 
https://steamspy.com/app/557400,NA
https://steamspy.com/app/557600, 84% 
https://steamspy.com/app/558100,NA
https://steamspy.com/app/558420, 81% 
https://steamspy.com/app/558990, 90% 
https://steamspy.com/app/559100, 73% 
https://steamspy.com/app/559210, 84% 
https://steamspy.com/app/559610,NA
https://steamspy.com/app/559650,NA
https://steamspy.com/app/560130, 88% 
https://steamspy.com/app/560260,NA
https://steamspy.com/app/560380,NA
https://steamspy.com/app/562010,NA
https://steamspy.com/app/562220,NA
https://steamspy.com/app/562810,NA
https://steamspy.com/app/563560,NA
https://steamspy.com/app/564230,NA
https://steamspy.com/app/564710,NA
https://steamspy.com/app/566090,NA
https://steamspy.com/app/566160,NA
https://steamspy.com/app/566990,NA
https://steamspy.com/app/567640, 80% 
https://steamspy.com/app/568090,NA
https://steamspy.com/app/568220,NA
https://steamspy.com/app/568570,NA
https://steamspy.com/app/568770,NA
https://steamspy.com/app/569480,NA
https://steamspy.com/app/569860, 84% 
https://steamspy.com/app/570460, 78% 
https://steamspy.com/app/570780,NA
https://steamspy.com/app/570840,NA
https://steamspy.com/app/570940,NA
https://steamspy.com/app/571260,NA
https://steamspy.com/app/571310, 85% 
https://steamspy.com/app/571740,NA
https://steamspy.com/app/572410, 83% 
https://steamspy.com/app/573100, 77% 
https://steamspy.com/app/574980,NA
https://steamspy.com/app/575550,NA
https://steamspy.com/app/575640,NA
https://steamspy.com/app/575720,NA
https://steamspy.com/app/576770,NA
https://steamspy.com/app/577800, 87% 
https://steamspy.com/app/577940,NA
https://steamspy.com/app/578080,NA
https://steamspy.com/app/578310,NA
https://steamspy.com/app/578330, 80% 
https://steamspy.com/app/578620, 85% 
https://steamspy.com/app/579180, 69% 
https://steamspy.com/app/579950, 78% 
https://steamspy.com/app/581320, 78% 
https://steamspy.com/app/581630,NA
https://steamspy.com/app/582010, 88% 
https://steamspy.com/app/582160,NA
https://steamspy.com/app/582270, 78% 
https://steamspy.com/app/582500,NA
https://steamspy.com/app/582550,NA
https://steamspy.com/app/582660, 73% 
https://steamspy.com/app/583470, 84% 
https://steamspy.com/app/583950, 76% 
https://steamspy.com/app/584400, 84% 
https://steamspy.com/app/584980, 79% 
https://steamspy.com/app/585420,NA
https://steamspy.com/app/585550,NA
https://steamspy.com/app/586030,NA
https://steamspy.com/app/586140,NA
https://steamspy.com/app/587620, 92% 
https://steamspy.com/app/588430, 63% 
https://steamspy.com/app/588650, 89% 
https://steamspy.com/app/588690,NA
https://steamspy.com/app/588970,NA
https://steamspy.com/app/589290,NA
https://steamspy.com/app/589360, 81% 
https://steamspy.com/app/589590,NA
https://steamspy.com/app/589780, 80% 
https://steamspy.com/app/589870,NA
https://steamspy.com/app/590380, 90% 
https://steamspy.com/app/591420,NA
https://steamspy.com/app/591740,NA
https://steamspy.com/app/591960,NA
https://steamspy.com/app/593200,NA
https://steamspy.com/app/593280, 79% 
https://steamspy.com/app/593600,NA
https://steamspy.com/app/594570, 87% 
https://steamspy.com/app/594650, 81% 
https://steamspy.com/app/595140, 70% 
https://steamspy.com/app/595280,NA
https://steamspy.com/app/595520,NA
https://steamspy.com/app/597170,NA
https://steamspy.com/app/597220, 87% 
https://steamspy.com/app/598700,NA
https://steamspy.com/app/599140, 69% 
https://steamspy.com/app/599390,NA
https://steamspy.com/app/599460,NA
https://steamspy.com/app/601150, 89% 
https://steamspy.com/app/601430, 80% 
https://steamspy.com/app/601510,NA
https://steamspy.com/app/602520,NA
https://steamspy.com/app/603850,NA
https://steamspy.com/app/604450,NA
https://steamspy.com/app/604490,NA
https://steamspy.com/app/606150, 74% 
https://steamspy.com/app/606280, 70% 
https://steamspy.com/app/606800,NA
https://steamspy.com/app/607050, 82% 
https://steamspy.com/app/607200,NA
https://steamspy.com/app/607260,NA
https://steamspy.com/app/607890,NA
https://steamspy.com/app/609320, 80% 
https://steamspy.com/app/610080,NA
https://steamspy.com/app/610360,NA
https://steamspy.com/app/611500,NA
https://steamspy.com/app/611660, 78% 
https://steamspy.com/app/611670, 81% 
https://steamspy.com/app/611790,NA
https://steamspy.com/app/612020,NA
https://steamspy.com/app/612070,NA
https://steamspy.com/app/612880, 86% 
https://steamspy.com/app/613100, 68% 
https://steamspy.com/app/614570, 81% 
https://steamspy.com/app/615610,NA
https://steamspy.com/app/616110,NA
https://steamspy.com/app/616560,NA
https://steamspy.com/app/617160,NA
https://steamspy.com/app/617830, 83% 
https://steamspy.com/app/619780, 74% 
https://steamspy.com/app/619910,NA
https://steamspy.com/app/620590, 77% 
https://steamspy.com/app/620980, 93% 
https://steamspy.com/app/621060,NA
https://steamspy.com/app/622650,NA
https://steamspy.com/app/623940,NA
https://steamspy.com/app/624090, 82% 
https://steamspy.com/app/626690, 61% 
https://steamspy.com/app/627270, 86% 
https://steamspy.com/app/627690,NA
https://steamspy.com/app/629730,NA
https://steamspy.com/app/629910,NA
https://steamspy.com/app/630100,NA
https://steamspy.com/app/631510,NA
https://steamspy.com/app/632350,NA
https://steamspy.com/app/632360, 85% 
https://steamspy.com/app/633230, 66% 
https://steamspy.com/app/633460, 69% 
https://steamspy.com/app/635260,NA
https://steamspy.com/app/635320, 75% 
https://steamspy.com/app/635730,NA
https://steamspy.com/app/636040,NA
https://steamspy.com/app/636480,NA
https://steamspy.com/app/637090, 78% 
https://steamspy.com/app/637650,NA
https://steamspy.com/app/637670,NA
https://steamspy.com/app/637850,NA
https://steamspy.com/app/638070, 63% 
https://steamspy.com/app/638970, 86% 
https://steamspy.com/app/639170,NA
https://steamspy.com/app/639780,NA
https://steamspy.com/app/639790,NA
https://steamspy.com/app/640820, 73% 
https://steamspy.com/app/641990, 75% 
https://steamspy.com/app/643270,NA
https://steamspy.com/app/644560,NA
https://steamspy.com/app/644570,NA
https://steamspy.com/app/644930, 77% 
https://steamspy.com/app/645090,NA
https://steamspy.com/app/645630,NA
https://steamspy.com/app/646570, 89% 
https://steamspy.com/app/646910,NA
https://steamspy.com/app/647830,NA
https://steamspy.com/app/648350, 69% 
https://steamspy.com/app/648390,NA
https://steamspy.com/app/648430,NA
https://steamspy.com/app/648800,NA
https://steamspy.com/app/650000, 69% 
https://steamspy.com/app/650700,NA
https://steamspy.com/app/652980,NA
https://steamspy.com/app/653530, 89% 
https://steamspy.com/app/654880, 72% 
https://steamspy.com/app/656200,NA
https://steamspy.com/app/657200,NA
https://steamspy.com/app/658850,NA
https://steamspy.com/app/660880,NA
https://steamspy.com/app/663390,NA
https://steamspy.com/app/665180,NA
https://steamspy.com/app/665360,NA
https://steamspy.com/app/665490,NA
https://steamspy.com/app/666140, 73% 
https://steamspy.com/app/666220,NA
https://steamspy.com/app/667720,NA
https://steamspy.com/app/667870,NA
https://steamspy.com/app/667890,NA
https://steamspy.com/app/668630,NA
https://steamspy.com/app/671440,NA
https://steamspy.com/app/671510,NA
https://steamspy.com/app/672680,NA
https://steamspy.com/app/673950,NA
https://steamspy.com/app/674020,NA
https://steamspy.com/app/674400,NA
https://steamspy.com/app/674940,NA
https://steamspy.com/app/675010,NA
https://steamspy.com/app/675260, 79% 
https://steamspy.com/app/676820, 83% 
https://steamspy.com/app/677120,NA
https://steamspy.com/app/677160, 69% 
https://steamspy.com/app/678800,NA
https://steamspy.com/app/678950, 85% 
https://steamspy.com/app/680320,NA
https://steamspy.com/app/680360,NA
https://steamspy.com/app/681660,NA
https://steamspy.com/app/684410, 77% 
https://steamspy.com/app/686600,NA
https://steamspy.com/app/688470,NA
https://steamspy.com/app/690510,NA
https://steamspy.com/app/690530,NA
https://steamspy.com/app/690790, 84% 
https://steamspy.com/app/690830,NA
https://steamspy.com/app/691020,NA
https://steamspy.com/app/696370,NA
https://steamspy.com/app/698780,NA
https://steamspy.com/app/700030,NA
https://steamspy.com/app/700330,NA
https://steamspy.com/app/702810,NA
https://steamspy.com/app/702890,NA
https://steamspy.com/app/703700,NA
https://steamspy.com/app/704270,NA
https://steamspy.com/app/704450,NA
https://steamspy.com/app/704850,NA
https://steamspy.com/app/705120,NA
https://steamspy.com/app/705220,NA
https://steamspy.com/app/707010,NA
https://steamspy.com/app/711660, 81% 
https://steamspy.com/app/711810,NA
https://steamspy.com/app/711990,NA
https://steamspy.com/app/712050,NA
https://steamspy.com/app/712100,NA
https://steamspy.com/app/712840,NA
https://steamspy.com/app/714010,NA
https://steamspy.com/app/716710,NA
https://steamspy.com/app/718670, 71% 
https://steamspy.com/app/720280,NA
https://steamspy.com/app/723780,NA
https://steamspy.com/app/725480,NA
https://steamspy.com/app/728540,NA
https://steamspy.com/app/728880, 81% 
https://steamspy.com/app/729040,NA
https://steamspy.com/app/730310,NA
https://steamspy.com/app/731490,NA
https://steamspy.com/app/732430,NA
https://steamspy.com/app/733990,NA
https://steamspy.com/app/734580,NA
https://steamspy.com/app/734750,NA
https://steamspy.com/app/736190,NA
https://steamspy.com/app/736220,NA
https://steamspy.com/app/736260, 87% 
https://steamspy.com/app/737800, 83% 
https://steamspy.com/app/738060,NA
https://steamspy.com/app/738520, 71% 
https://steamspy.com/app/742120,NA
https://steamspy.com/app/743090, 48% 
https://steamspy.com/app/743450, 73% 
https://steamspy.com/app/744190,NA
https://steamspy.com/app/744810,NA
https://steamspy.com/app/745880,NA
https://steamspy.com/app/750920, 77% 
https://steamspy.com/app/751780, 78% 
https://steamspy.com/app/753420,NA
https://steamspy.com/app/755790,NA
https://steamspy.com/app/758190,NA
https://steamspy.com/app/760060, 78% 
https://steamspy.com/app/761620, 76% 
https://steamspy.com/app/761890, 72% 
https://steamspy.com/app/763410,NA
https://steamspy.com/app/766370,NA
https://steamspy.com/app/766570,NA
https://steamspy.com/app/767560,NA
https://steamspy.com/app/773951,NA
https://steamspy.com/app/776490,NA
https://steamspy.com/app/778700,NA
https://steamspy.com/app/785740, 66% 
https://steamspy.com/app/786520,NA
https://steamspy.com/app/787860, 73% 
https://steamspy.com/app/788770,NA
https://steamspy.com/app/788880,NA
https://steamspy.com/app/794260, 67% 
https://steamspy.com/app/794600,NA
https://steamspy.com/app/795100,NA
https://steamspy.com/app/802200,NA
https://steamspy.com/app/805850,NA
https://steamspy.com/app/809960,NA
https://steamspy.com/app/812140,NA
https://steamspy.com/app/813820,NA
https://steamspy.com/app/814380, 88% 
https://steamspy.com/app/814540,NA
https://steamspy.com/app/815370, 78% 
https://steamspy.com/app/816020, 60% 
https://steamspy.com/app/816090,NA
https://steamspy.com/app/816340,NA
https://steamspy.com/app/823130,NA
https://steamspy.com/app/831560,NA
https://steamspy.com/app/834530, 80% 
https://steamspy.com/app/834910,NA
https://steamspy.com/app/835860,NA
https://steamspy.com/app/838310, 77% 
https://steamspy.com/app/838350,NA
https://steamspy.com/app/838380, 73% 
https://steamspy.com/app/840140,NA
https://steamspy.com/app/841370, 76% 
https://steamspy.com/app/843380,NA
https://steamspy.com/app/844930,NA
https://steamspy.com/app/845070, 79% 
https://steamspy.com/app/847370, 83% 
https://steamspy.com/app/848450,NA
https://steamspy.com/app/851100,NA
https://steamspy.com/app/858810,NA
https://steamspy.com/app/862690,NA
https://steamspy.com/app/863550, 82% 
https://steamspy.com/app/868360, 75% 
https://steamspy.com/app/869760,NA
https://steamspy.com/app/871720,NA
https://steamspy.com/app/872790, 86% 
https://steamspy.com/app/874240,NA
https://steamspy.com/app/878380,NA
https://steamspy.com/app/878750,NA
https://steamspy.com/app/879160,NA
https://steamspy.com/app/880940,NA
https://steamspy.com/app/882790,NA
https://steamspy.com/app/883710, 89% 
https://steamspy.com/app/884660,NA
https://steamspy.com/app/893030,NA
https://steamspy.com/app/893180, 80% 
https://steamspy.com/app/893520,NA
https://steamspy.com/app/897330,NA
https://steamspy.com/app/899440, 71% 
https://steamspy.com/app/899970,NA
https://steamspy.com/app/909080,NA
https://steamspy.com/app/911400,NA
https://steamspy.com/app/914620,NA
https://steamspy.com/app/921060,NA
https://steamspy.com/app/921590,NA
https://steamspy.com/app/921630,NA
https://steamspy.com/app/927890,NA
https://steamspy.com/app/939400,NA
https://steamspy.com/app/939960,NA
https://steamspy.com/app/942970, 72% 
https://steamspy.com/app/950100,NA
https://steamspy.com/app/952040,NA
https://steamspy.com/app/955900,NA
https://steamspy.com/app/963690,NA
https://steamspy.com/app/967050,NA
https://steamspy.com/app/967250,NA
https://steamspy.com/app/973760, 85% 
https://steamspy.com/app/977950,NA
https://steamspy.com/app/991780,NA
https://steamspy.com/app/992300,NA
https://steamspy.com/app/994280,NA
https://steamspy.com/app/995460,NA
