id,name,owners,numbers
10,Counter-Strike,"11,100,000",11100000
30,Day of Defeat,"6,400,000",6400000
70,Half-Life,"9,300,000",9300000
80,Counter-Strike: Condition Zero,"10,500,000",10500000
130,Half-Life: Blue Shift,"7,700,000",7700000
220,Half-Life 2,"12,800,000",12800000
240,Counter-Strike: Source,"13,000,000",13000000
300,Day of Defeat: Source,"6,700,000",6700000
380,Half-Life 2: Episode One,"10,700,000",10700000
400,Portal,"13,300,000",13400000
420,Half-Life 2: Episode Two,"10,600,000",10600000
440,Team Fortress 2,"20,000,000",20000000
500,Left 4 Dead,"8,600,000",8600000
550,Left 4 Dead 2,"20,100,000",20100000
570,Dota 2,"80,500,000",80500000
620,Portal 2,"16,600,000",16600000
630,Alien Swarm,"5,500,000",5500000
730,Counter-Strike: Global Offensive,"68,800,000",68800000
1200,Red Orchestra: Ostfront 41-45,"2,100,000",2100000
1250,Killing Floor,"11,700,000",11700000
1510,Uplink,"2,600,000",2600000
1520,DEFCON,"2,800,000",2800000
1930,Two Worlds Epic Edition,"4,300,000",4300000
2100,Dark Messiah of Might & Magic,"2,100,000",2100000
2210,Quake IV,"910,000",910000
2300,DOOM II,"2,000,000",2000000
2310,QUAKE,"1,700,000",1700000
2400,The Ship: Murder Party,"5,400,000",5400000
2500,Shadowgrounds,"2,600,000",2600000
2600,Vampire: The Masquerade - Bloodlines,"1,600,000",1600000
2620,Call of Duty®,"680,000",680000
2630,Call of Duty® 2,"950,000",950000
2820,X3: Terran Conflict,"1,400,000",1400000
2870,X Rebirth,"400,000",400000
2990,FlatOut 2™,"1,800,000",1800000
3590,Plants vs. Zombies GOTY Edition,"3,900,000",3900000
3700,Sniper Elite,"2,900,000",2900000
3720,Evil Genius,"1,800,000",1800000
3830,Psychonauts,"7,400,000",7400000
3900,Sid Meier's Civilization® IV,"2,900,000",2900000
3910,Sid Meier's Civilization® III Complete,"6,700,000",6700000
3920,Sid Meier's Pirates!,"2,400,000",2400000
4500,S.T.A.L.K.E.R.: Shadow of Chernobyl,"4,000,000",4000000
4560,Company of Heroes - Legacy Edition,"6,700,000",6700000
4570,"Warhammer® 40,000: Dawn of War® - Game of the Year Edition","4,400,000",4400000
4580,"Warhammer® 40,000: Dawn of War® - Dark Crusade","2,300,000",2300000
4720,Condemned: Criminal Origins,"2,900,000",2900000
4760,Rome: Total War™ - Collection,"3,200,000",3200000
4850,Cossacks: Back to War,"590,000",590000
4920,Natural Selection 2,"4,200,000",4200000
6000,STAR WARS™ Republic Commando™,"2,800,000",2800000
6020,STAR WARS™ Jedi Knight - Jedi Academy™,"3,600,000",3600000
6030,STAR WARS™ Jedi Knight II - Jedi Outcast™,"3,000,000",3000000
6060,"Star Wars: Battlefront 2 (Classic, 2005)","5,200,000",5200000
6120,Shank,"2,200,000",2200000
6200,Ghost Master®,"1,200,000",1200000
6220,FlatOut,"1,600,000",1600000
6310,The Longest Journey,"1,100,000",1100000
6370,Bloodline Champions,"1,200,000",1200000
6550,Devil May Cry® 3 Special Edition,"850,000",850000
6830,Commandos 2: Men of Courage,"2,300,000",2300000
6850,Hitman 2: Silent Assassin,"4,100,000",4100000
6860,Hitman: Blood Money,"4,100,000",4100000
6880,Just Cause,"4,400,000",4400000
6900,Hitman: Codename 47,"3,400,000",3400000
6910,Deus Ex: Game of the Year Edition,"4,300,000",4300000
6920,Deus Ex: Invisible War,"3,300,000",3300000
6980,Thief: Deadly Shadows,"2,500,000",2500000
7000,Tomb Raider: Legend,,3300000
7200,Trackmania United Forever Star Edition,,540000
7510,X-Blades,,3800000
7520,Two Worlds II HD,,3700000
7600,Sid Meier's Railroads!,,1500000
7940,Call of Duty® 4: Modern Warfare®,,2300000
8000,Tomb Raider: Anniversary,,3400000
8080,Kane and Lynch: Dead Men™,,2500000
8140,Tomb Raider: Underworld,,3600000
8170,Battlestations Pacific,,1300000
8190,Just Cause 2,,9200000
8500,EVE Online,,4400000
8600,RACE 07,,3900000
8800,Civilization IV: Beyond the Sword,,2700000
8870,BioShock Infinite,,9000000
8930,Sid Meier's Civilization® V,,9700000
9010,Return to Castle Wolfenstein,,1700000
9050,DOOM 3,,1500000
9200,RAGE,,3100000
9350,Supreme Commander,,2500000
9420,Supreme Commander: Forged Alliance,,2700000
9480,Saints Row 2,,8400000
9880,Champions Online,,1400000
9900,Star Trek Online,,2500000
10090,Call of Duty: World at War,,3600000
10150,Prototype™,,1700000
10180,Call of Duty®: Modern Warfare® 2,,4600000
10220,Postal III,,420000
10500,Total War: EMPIRE – Definitive Edition,,3100000
10680,Aliens vs. Predator™,,2500000
11450,Overlord™,,4500000
12100,Grand Theft Auto III,,5000000
12110,Grand Theft Auto: Vice City,,5500000
12120,Grand Theft Auto: San Andreas,,6900000
12130,Manhunt,,1600000
12140,Max Payne,,2900000
12150,Max Payne 2: The Fall of Max Payne,,2600000
12200,Bully: Scholarship Edition,,3200000
12210,Grand Theft Auto IV,,7900000
12320,Sacred Gold,,810000
12360,FlatOut: Ultimate Carnage,,1400000
12810,Overlord II,,3400000
12830,Operation Flashpoint: Dragon Rising,,2900000
13140,America's Army 3,,1600000
13210,Unreal Tournament 3 Black,,2000000
13230,Unreal Tournament 2004: Editor's Choice Edition,,1600000
13240,Unreal Tournament: Game of the Year Edition,,1500000
13520,Far Cry®,,2200000
13560,Tom Clancy's Splinter Cell®,,1000000
13570,Tom Clancy's Splinter Cell Chaos Theory®,,1200000
15100,Assassin's Creed™: Director's Cut Edition,,2100000
15120,Tom Clancy's Rainbow Six® Vegas 2,,1500000
15130,Beyond Good and Evil™,,850000
15170,Heroes of Might & Magic V,,820000
15320,IL-2 Sturmovik: 1946,,1700000
15620,"Warhammer 40,000: Dawn of War II",,3300000
16450,F.E.A.R. 2: Project Origin,,4500000
16720,Velvet Assassin,,1900000
16730,Legendary,,1900000
17080,Tribes: Ascend,,2900000
17300,Crysis,,2700000
17330,Crysis Warhead®,,2200000
17390,SPORE™,,3200000
17410,Mirror's Edge™,,7100000
17430,Need for Speed Undercover,,1200000
17450,Dragon Age: Origins,,2200000
17460,Mass Effect,,3200000
17470,Dead Space,,5400000
17480,Command & Conquer: Red Alert 3,,1400000
17710,Nuclear Dawn,,2200000
18500,Defense Grid: The Awakening,,1800000
18700,And Yet It Moves,,2000000
19900,Far Cry® 2: Fortune's Edition,,3200000
19980,Prince of Persia®,,990000
20510,S.T.A.L.K.E.R.: Clear Sky,,3600000
20530,Red Faction,,1700000
20540,Company of Heroes: Tales of Valor,,4400000
20570,"Warhammer® 40,000: Dawn of War® II Chaos Rising",,2400000
20820,Shatter,,1600000
20900,The Witcher: Enhanced Edition Director's Cut,,7100000
20920,The Witcher 2: Assassins of Kings Enhanced Edition,,8500000
21000,LEGO® Batman™: The Videogame,,1800000
21090,F.E.A.R.,,4000000
21100,F.E.A.R. 3,,4900000
21130,LEGO® Harry Potter: Years 1-4,,1700000
21690,Resident Evil™ 5/ Biohazard 5®,,4300000
21980,Call of Juarez®: Bound in Blood,,1100000
22000,World of Goo,,3500000
22100,Mount & Blade,,2900000
22120,Penumbra: Black Plague Gold Edition,,1800000
22180,Penumbra Overture,,2200000
22200,Zeno Clash,,2700000
22230,Rock of Ages,,2200000
22300,Fallout 3,,1900000
22320,The Elder Scrolls III: Morrowind® Game of the Year Edition,,2700000
22330,The Elder Scrolls IV: Oblivion® Game of the Year Edition,,3900000
22350,BRINK,,2900000
22370,Fallout 3: Game of the Year Edition,,4400000
22380,Fallout: New Vegas,,8000000
22600,Worms Reloaded,,2400000
22610,Alien Breed: Impact,,2600000
23490,Tropico 3,,4500000
24200,DC Universe™ Online,,860000
24240,PAYDAY™ The Heist,,8500000
24420,Aquaria,,1600000
24720,SPORE™ Galactic Adventures,,1600000
24740,Burnout Paradise: The Ultimate Box,,5000000
24790,Command & Conquer 3: Tiberium Wars,,1000000
24800,Command & Conquer: Red Alert 3 - Uprising,,3300000
24840,Medal of Honor: Airborne,,1100000
24870,Need for Speed: Shift,,830000
24960,Battlefield: Bad Company™ 2,,4100000
24980,Mass Effect 2,,3800000
25800,Europa Universalis III Complete,,2000000
25830,Knights of Honor,,570000
25890,Hearts of Iron III,,1700000
25900,King's Bounty: The Legend,,2000000
26800,Braid,,3000000
28000,Kane & Lynch 2: Dog Days,,3200000
31270,Puzzle Agent,,3200000
32360,The Secret of Monkey Island: Special Edition,,1400000
32380,STAR WARS™ Jedi Knight: Dark Forces II,,2500000
32430,STAR WARS™ - The Force Unleashed™ Ultimate Sith Edition,,2800000
32440,LEGO® Star Wars™ - The Complete Saga,,2100000
32500,STAR WARS™: The Force Unleashed™ II,,2400000
33230,Assassin's Creed 2 Deluxe Edition,,2800000
33460,From Dust,,820000
33900,Arma 2,,1600000
33930,Arma 2: Operation Arrowhead,,6800000
34010,Alpha Protocol™,,3600000
34030,Total War: NAPOLEON – Definitive Edition,,2300000
34830,Sniper: Ghost Warrior,,3100000
34870,Sniper: Ghost Warrior 2,,4000000
35000,Mini Ninjas,,3200000
35130,Lara Croft and the Guardian of Light,,3800000
35140,Batman: Arkham Asylum Game of the Year Edition,,6500000
35450,Red Orchestra 2: Heroes of Stalingrad with Rising Storm,,8700000
35700,Trine Enchanted Edition,,4500000
35720,Trine 2: Complete Story,,6200000
38400,Fallout: A Post Nuclear Role Playing Game,,7700000
38410,Fallout 2: A Post Nuclear Role Playing Game,,3300000
38420,Fallout Tactics: Brotherhood of Steel,,3000000
38700,Toki Tori,,2600000
38720,RUSH,,2200000
38740,EDGE,,2200000
39120,RIFT,,3100000
39190,Dungeon Siege,,1800000
39200,Dungeon Siege II,,1800000
39210,FINAL FANTASY XIV Online,,1600000
39500,Gothic® 3,,1800000
39510,Gothic II: Gold Edition,,1700000
39680,The Guild II Renaissance,,1400000
39690,ArcaniA,,1500000
40100,Supreme Commander 2,,2900000
40300,Risen,,3300000
40380,nail'd,,930000
40390,Risen 2: Dark Waters,,3600000
40400,AI War: Fleet Command,,2700000
40700,Machinarium,,2600000
40950,Stronghold HD,,1700000
40970,Stronghold Crusader HD,,2300000
40990,Mafia,,930000
41000,Serious Sam HD: The First Encounter,,3700000
41070,Serious Sam 3: BFE,,5500000
41300,Altitude,,1700000
41500,Torchlight,,2900000
41700,S.T.A.L.K.E.R.: Call of Pripyat,,3600000
42120,Lead and Gold: Gangs of the Wild West,,3000000
42670,Singularity™,,820000
42700,Call of Duty®: Black Ops,,3400000
42910,Magicka,,7100000
42960,Victoria II,,1600000
44350,GRID 2,,8900000
45700,Devil May Cry 4,,930000
45740,Dead Rising® 2,,3100000
45750,Lost Planet® 2,,790000
45770,Dead Rising 2: Off the Record,,2200000
46500,Syberia,,4100000
46510,Syberia II,,4000000
47410,Stronghold Kingdoms,,1900000
47700,Command & Conquer 4: Tiberian Twilight,,610000
47780,Dead Space™ 2,,4000000
47790,Medal of Honor™,,4100000
47810,Dragon Age: Origins - Ultimate Edition,,2100000
47870,Need For Speed: Hot Pursuit,,2600000
47890,The Sims™ 3,,2100000
48000,LIMBO,,8700000
48110,Silent Hunter 5®: Battle of the Atlantic,,210000
48190,Assassin’s Creed® Brotherhood,,2100000
48240,Anno 2070™,,1200000
48700,Mount & Blade: Warband,,5200000
48720,Mount & Blade: With Fire & Sword,,3300000
49520,Borderlands 2,,15000000
49600,Beat Hazard,,2700000
50130,Mafia II,,5400000
50300,Spec Ops: The Line,,9200000
55040,Atom Zombie Smasher,,1500000
55100,Homefront,,7500000
55110,Red Faction®: Armageddon™,,4400000
55150,"Warhammer 40,000: Space Marine",,6800000
55230,Saints Row: The Third,,9100000
57300,Amnesia: The Dark Descent,,11500000
57690,Tropico 4,,6800000
57740,Jagged Alliance - Back in Action,,950000
57900,Duke Nukem Forever,,2900000
58610,Wargame: European Escalation,,1800000
61700,Might & Magic: Clash of Heroes,,930000
64000,Men of War: Assault Squad,,2300000
65540,Gothic 1,,1600000
65800,Dungeon Defenders,,4100000
65930,The Bureau: XCOM Declassified,,7600000
65980,Sid Meier's Civilization®: Beyond Earth™,,1900000
67370,The Darkness II,,8400000
70000,Dino D-Day,,5800000
70300,VVVVVV,,3800000
70400,Recettear: An Item Shop's Tale,,1500000
70600,Worms Ultimate Mayhem,,2700000
71340,Sonic Generations Collection,,3800000
72850,The Elder Scrolls V: Skyrim,,11400000
78000,Bejeweled® 3,,1900000
80310,Gemini Rue,,1400000
91200,Anomaly: Warzone Earth,,4400000
91600,Sanctum,,3800000
91900,Post Apocalyptic Mayhem,,1700000
92000,Hydrophobia: Prophecy,,2000000
92800,SpaceChem,,4200000
94200,Jamestown,,2200000
94300,The Dream Machine: Chapter 1 & 2,,
94400,Nidhogg,,
95400,ibb & obb,,
96000,The Tiny Bang Story,,
97000,Solar 2,,
97330,Magic: The Gathering - Duels of the Planeswalkers 2013,,
98200,Frozen Synapse,,
98300,Toy Soldiers,,
98400,Hard Reset Extended Edition,,
98800,Dungeons of Dredmor,,
99300,Renegade Ops,,
99900,Spiral Knights,,
102500,Kingdoms of Amalur: Reckoning™,,
102600,Orcs Must Die!,,
102840,Shank 2,,
105000,A New Beginning - Final Cut,,
105450,Age of Empires® III: Complete Collection,,
105600,Terraria,,
107100,Bastion,,
107200,Space Pirates and Zombies,,
107310,Cthulhu Saves the World,,
107410,Arma 3,,
107600,Waves,,
108710,Alan Wake,,
109600,Neverwinter,,
110800,L.A. Noire,,
113020,Monaco: What's Yours Is Mine,,
113200,The Binding of Isaac,,
113420,Fallen Earth Free2Play,,
115110,Stacking,,
115320,Prototype 2,,
115800,Owlboy,,
200010,Quantum Conundrum,,
200170,Worms Revolution,,
200210,Realm of the Mad God,,
200260,Batman: Arkham City - Game of the Year Edition,,
200510,XCOM: Enemy Unknown,,
200710,Torchlight II,,
200900,Cave Story+,,
201230,EverQuest II,,
201510,Flatout 3: Chaos & Destruction,,
201790,Orcs Must Die! 2,,
201810,Wolfenstein: The New Order,,
201870,Assassin's Creed® Revelations,,
202200,Galactic Civilizations® II: Ultimate Edition,,
202750,Alan Wake's American Nightmare,,
202970,Call of Duty®: Black Ops II,,
203140,Hitman: Absolution™,,
203160,Tomb Raider,,
203630,Warlock - Master of the Arcane,,
203750,Binary Domain,,
203770,Crusader Kings II,,
203830,The Dark Eye: Chains of Satinav,,
204030,Fable - The Lost Chapters,,
204060,Superbrothers: Sword & Sworcery EP,,
204100,Max Payne 3,,
204180,Waveform,,
204240,The Bridge,,
204300,Awesomenauts - the 2D moba,,
204340,Serious Sam 2,,
204530,Infested Planet,,
204880,Sins of a Solar Empire: Rebellion®,,
205020,Lumino City,,
205100,Dishonored,,
205230,Hell Yeah! Wrath of the Dead Rabbit,,
205650,The Testament of Sherlock Holmes,,
205910,Tiny and Big: Grandpa's Leftovers,,
206190,Gunpoint,,
206420,Saints Row IV,,
206440,To the Moon,,
207140,SpeedRunners,,
207170,Legend of Grimrock,,
207350,Ys Origin,,
207490,Rayman® Origins,,
207690,Botanicula,,
207750,Symphony,,
208140,Endless Space® - Collection,,
208500,F1 2012™,,
208580,STAR WARS™ Knights of the Old Republic™ II - The Sith Lords™,,
208670,Blades of Time,,
208730,Game of Thrones,,
208750,Apotheon,,
209000,Batman™: Arkham Origins,,
209080,Guns of Icarus Online,,
209100,Resident Evil: Operation Raccoon City,,
209120,Street Fighter X Tekken,,
209160,Call of Duty®: Ghosts,,
209370,Analogue: A Hate Story,,
209540,Strike Suit Zero,,
209650,Call of Duty®: Advanced Warfare - Gold Edition,,
209670,Cortex Command,,
209830,Lone Survivor: The Director's Cut,,
210770,Sanctum 2,,
210970,The Witness,,
211260,They Bleed Pixels,,
211400,Deadlight,,
211600,Thief™ Gold,,
211820,Starbound,,
212070,Star Conflict,,
212160,Vindictus,,
212500,The Lord of the Rings Online™,,
212630,Tom Clancy's Ghost Recon: Future Soldier™,,
212680,FTL: Faster Than Light,,
213330,LEGO® Batman™ 2: DC Super Heroes,,
214170,Divine Divinity,,
214250,I Am Alive,,
214340,Deponia,,
214360,Tower Wars,,
214490,Alien: Isolation,,
214770,Guacamelee! Gold Edition,,
214830,Half Minute Hero: Super Mega Neo Climax Ultimate Boy,,
214870,Painkiller Hell & Damnation,,
214950,Total War™: ROME II - Emperor Edition,,
214970,Intrusion 2,,
215080,WAKFU,,
215160,The Book of Unwritten Tales,,
215280,Secret World Legends,,
215470,Primal Carnage,,
215510,Rocketbirds: Hardboiled Chicken,,
215530,The Incredible Adventures of Van Helsing,,
215670,Home,,
216910,Of Orcs And Men,,
217140,Rise of the Triad,,
217690,Anna - Extended Edition,,
217920,Alien Rage - Unlimited,,
218060,BIT.TRIP Presents... Runner2: Future Legend of Rhythm Alien,,
218230,PlanetSide 2,,
218620,PAYDAY 2,,
218640,Lucius,,
218680,Scribblenauts Unlimited,,
218740,Pid,,
218820,Mercenary Kings: Reloaded Edition,,
219150,Hotline Miami,,
219640,Chivalry: Medieval Warfare,,
219680,Proteus,,
219830,King Arthur's Gold,,
219890,Antichamber,,
219910,Edna & Harvey: Harvey's New Eyes,,
219990,Grim Dawn,,
220090,The Journey Down: Chapter One,,
220160,Trials Evolution: Gold Edition,,
220200,Kerbal Space Program,,
220240,Far Cry 3,,
220440,DmC: Devil May Cry,,
220740,Chaos on Deponia,,
220780,Thomas Was Alone,,
220860,McPixel,,
221040,Resident Evil 6 / Biohazard 6,,
221260,Little Inferno,,
221380,Age of Empires II HD,,
221540,DG2: Defense Grid 2,,
221640,Super Hexagon,,
221810,The Cave,,
221910,The Stanley Parable,,
222480,Resident Evil Revelations / Biohazard Revelations,,
222730,Reus,,
222750,Wargame: Airland Battle,,
222880,Insurgency,,
223100,Homefront®: The Revolution,,
223220,Giana Sisters: Twisted Dreams,,
223470,POSTAL 2,,
223830,Xenonauts,,
224460,Contrast,,
224480,Octodad: Dadliest Catch,,
224600,Defiance,,
224760,FEZ,,
224820,Super House of Dead Ninjas,,
225080,Brothers - A Tale of Two Sons,,
225260,Brutal Legend,,
225420,Cities in Motion 2,,
225540,Just Cause™ 3,,
225600,Blade Symphony,,
226580,F1 2014,,
226840,Age of Wonders III,,
226860,Galactic Civilizations III,,
227080,Papo & Yo,,
227100,Sniper Elite: Nazi Zombie Army,,
227200,Waking Mars,,
227220,Sang-Froid - Tales of Werewolves,,
227300,Euro Truck Simulator 2,,
227580,"10,000,000",,
228200,Company of Heroes,,
228260,Fallen Enchantress: Legendary Heroes,,
228280,Baldur's Gate: Enhanced Edition,,
228300,Remember Me,,
228360,Full Throttle Remastered,,
228380,Wreckfest,,
228760,TrackMania² Canyon,,
230070,The Age of Decadence,,
230270,N++ (NPLUSPLUS),,
230410,Warframe,,
230700,La-Mulana,,
230820,The Night of the Rabbit,,
230840,Daylight,,
231040,Beatbuddy: Tale of the Guardians,,
231160,The Swapper,,
231430,Company of Heroes 2,,
232050,Eador. Masters of the Broken World,,
232090,Killing Floor 2,,
232430,Gone Home,,
232750,Mars: War Logs,,
232770,POSTAL,,
232790,Broken Age,,
232910,TrackMania² Stadium,,
233130,Shadow Warrior,,
233150,LUFTRAUSERS,,
233270,Far Cry 3 - Blood Dragon,,
233290,Murdered: Soul Suspect,,
233450,Prison Architect,,
233470,Evoland,,
233610,Distance,,
233720,Surgeon Simulator,,
233840,Worms Clan Wars,,
233860,Kenshi,,
233980,UnEpic,,
234140,Mad Max,,
234270,Ken Follett's The Pillars of the Earth,,
234390,Teleglitch: Die More Edition,,
234630,Project CARS,,
234650,Shadowrun Returns,,
234670,NARUTO SHIPPUDEN: Ultimate Ninja STORM 3 Full Burst HD,,
234900,Anodyne,,
235210,STRIDER™ / ストライダー飛竜®,,
235340,Prime World,,
235380,Blitzkrieg 3,,
235460,METAL GEAR RISING: REVENGEANCE,,
235540,Warhammer: End Times - Vermintide,,
235800,Audiosurf 2,,
236150,Starpoint Gemini 2,,
236390,War Thunder,,
236430,DARK SOULS™ II,,
236510,Takedown: Red Sabre,,
236690,Blood Bowl 2,,
236850,Europa Universalis IV,,
237630,DuckTales: Remastered,,
237740,Angry Video Game Nerd Adventures,,
237850,Dreamfall Chapters,,
237930,Transistor,,
237990,The Banner Saga,,
238010,Deus Ex: Human Revolution - Director's Cut,,
238210,System Shock 2,,
238320,Outlast,,
238430,Contagion,,
238460,BattleBlock Theater®,,
238750,Might & Magic X - Legacy,,
238960,Path of Exile,,
239030,"Papers, Please",,
239070,Hammerwatch,,
239120,FINAL FANTASY III,,
239140,Dying Light,,
239160,Thief,,
239200,Amnesia: A Machine for Pigs,,
239250,Castlevania: Lords of Shadow 2,,
239820,Game Dev Tycoon,,
239840,Dead State: Reanimated,,
240760,Wasteland 2: Director's Cut,,
241320,Ittle Dew,,
241410,CastleStorm,,
241560,The Crew™,,
241600,Rogue Legacy,,
241720,Guncraft,,
241910,Goodbye Deponia,,
242570,Space Hulk,,
242640,Styx: Master of Shadows,,
242680,Nuclear Throne,,
242700,Injustice: Gods Among Us Ultimate Edition,,
242760,The Forest,,
242820,140,,
242860,Verdun,,
242880,"Sir, You Are Being Hunted",,
242920,Banished,,
243200,Memoria,,
243450,Urban Trial Freestyle,,
243470,Watch_Dogs™,,
243800,Gas Guzzlers Extreme,,
243930,Bound By Flame,,
243970,"Invisible, Inc.",,
244030,Take On Mars,,
244050,Rise of Flight United,,
244160,Homeworld Remastered Collection,,
244210,Assetto Corsa,,
244450,Men of War: Assault Squad 2,,
244710,Shelter,,
244730,Divekick,,
244910,Homesick,,
245170,Skullgirls,,
245280,ENSLAVED™: Odyssey to the West™ Premium Edition,,
245470,Democracy 3,,
245490,Trials Fusion™,,
245620,Tropico 5,,
246090,Spacebase DF-9,,
246110,MASSIVE CHALICE,,
246700,Strike Vector,,
246760,Legends of Eisenwald,,
247000,Talisman: Digital Edition,,
247080,Crypt of the NecroDancer,,
247240,Volgarr the Viking,,
247660,Deadly Premonition: The Director's Cut,,
247730,Nether: Resurrected,,
247950,Sacred 3,,
248310,Freedom Planet,,
248610,Door Kickers,,
248820,Risk of Rain,,
248860,NEO Scavenger,,
249130,LEGO® Marvel™ Super Heroes,,
249230,Risen 3 - Titan Lords,,
249590,Teslagrad,,
249650,Blackguards,,
249870,Scribblenauts Unmasked: A DC Comics Adventure,,
250110,Assault Android Cactus,,
250260,Jazzpunk: Director's Cut,,
250320,The Wolf Among Us,,
250380,Knock-knock,,
250400,How to Survive,,
250520,UnderRail,,
250560,Fight The Dragon,,
250620,Among the Sleep - Enhanced Edition,,
250760,Shovel Knight: Treasure Trove,,
251060,Wargame: Red Dragon,,
251130,Chroma Squad,,
251150,The Legend of Heroes: Trails in the Sky,,
251470,TowerFall Ascension,,
251950,WWII Online,,
251990,Long Live The Queen,,
252030,Valdis Story: Abyssal City,,
252110,Lovers in a Dangerous Spacetime,,
252330,Slender: The Arrival,,
252410,SteamWorld Dig,,
252450,StarDrive 2,,
252490,Rust,,
252630,Eldritch Reanimated,,
252670,Nihilumbra,,
252950,Rocket League®,,
253030,Race The Sun,,
253110,The Cat Lady,,
253230,A Hat in Time,,
253330,Neverending Nightmares,,
253750,Ikaruga,,
253840,Shantae: Half-Genie Hero,,
253980,Enclave,,
254700,resident evil 4 / biohazard 4,,
255070,Abyss Odyssey,,
255220,GRID Autosport,,
255300,Journey of a Roach,,
255420,Magic 2015 - Duels of the Planeswalkers,,
255710,Cities: Skylines,,
256190,Enemy Front,,
256290,Child of Light,,
257170,Rebuild 3: Gangs of Deadsville,,
257350,Baldur's Gate II: Enhanced Edition,,
257510,The Talos Principle,,
257850,Hyper Light Drifter,,
258180,Deus Ex: The Fall,,
258520,The Vanishing of Ethan Carter,,
260750,Neighbours from Hell Compilation,,
261180,Lethal League,,
261470,Distant Worlds: Universe,,
261640,Borderlands: The Pre-Sequel,,
261760,Lichdom: Battlemage,,
262060,Darkest Dungeon®,,
262280,Dungeons 2,,
262830,Crimsonland,,
262960,Castle In The Darkness,,
263280,Spintires®: The Original Game,,
263500,Dragons and Titans,,
264710,Subnautica,,
265300,Lords Of The Fallen™,,
265330,Gomo,,
265590,The Red Solstice,,
265690,NaissanceE,,
265930,Goat Simulator,,
266510,Hand of Fate,,
266840,Age of Mythology: Extended Edition,,
268050,The Evil Within,,
268130,Heat Signature,,
268500,XCOM® 2,,
268870,Satellite Reign,,
268910,Cuphead,,
269050,Year Walk,,
269790,DreadOut,,
270150,RUNNING WITH RIFLES,,
270880,American Truck Simulator,,
271240,Offworld Trading Company - Free Multiplayer,,
271590,Grand Theft Auto V,,
272270,Torment: Tides of Numenera,,
272470,The Incredible Adventures of Van Helsing II,,
272510,NARUTO SHIPPUDEN: Ultimate Ninja STORM Revolution,,
272890,Vertiginous Golf,,
274190,Broforce,,
274230,RONIN,,
274270,NOT A HERO,,
274290,Gods Will Be Watching,,
274310,Always Sometimes Monsters,,
274350,Dropsy,,
274500,Brigador: Up-Armored Edition,,
274520,Darkwood,,
274940,Depth,,
275100,Shelter 2,,
275390,Guacamelee! Super Turbo Championship Edition,,
275670,Space Run,,
275850,No Man's Sky,,
276810,Mordheim: City of the Damned,,
277430,Halo: Spartan Assault,,
278080,DYNASTY WARRIORS 8: Xtreme Legends Complete Edition / 真・三國無双７ with 猛将伝,,
278360,A Story About My Uncle,,
280160,Aragami,,
281610,Homeworld: Deserts of Kharak,,
281640,The Banner Saga 2,,
281990,Stellaris,,
282070,This War of Mine,,
282140,SOMA,,
282560,RollerCoaster Tycoon World™,,
282900,Hyperdimension Neptunia Re;Birth1 / 超次次元ゲイム ネプテューヌRe;Birth1 / 超次次元遊戲戰機少女重生1,,
283290,Nosferatu: The Wrath of Malachi,,
283640,Salt and Sanctuary,,
283680,Astebreed: Definitive Edition,,
284390,The Last Door - Collector's Edition,,
285190,"Warhammer 40,000: Dawn of War III",,
285330,RollerCoaster Tycoon® 2: Triple Thrill Pack,,
285440,Crimzon Clover WORLD IGNITION,,
286000,Tooth and Tail,,
286040,Dead Effect,,
286570,F1 2015,,
287260,Toybox Turbos,,
287390,Metro: Last Light Redux,,
287450,Rise of Nations: Extended Edition,,
287700,METAL GEAR SOLID V: THE PHANTOM PAIN,,
287980,Mini Metro,,
288160,The Room,,
289070,Sid Meier’s Civilization® VI,,
289130,Endless Legend™,,
289690,LARA CROFT AND THE TEMPLE OF OSIRIS™,,
290080,Life is Feudal: Your Own,,
290340,Armello,,
290770,The Fall,,
290790,Grey Goo,,
291410,Duelyst,,
291480,Warface,,
291650,Pillars of Eternity,,
291860,Pit People®,,
292030,The Witcher® 3: Wild Hunt,,
292730,Call of Duty®: Infinite Warfare,,
293260,Card Hunter,,
294100,RimWorld,,
296070,MIND: Path to Thalamus Enhanced Edition,,
296830,Lucius II,,
297000,Heroes® of Might & Magic® III - HD Edition,,
297120,Heavy Bullets,,
297130,Titan Souls,,
298110,Far Cry® 4,,
298260,Only If,,
298520,Orbital Gear,,
298600,Lovely Planet,,
298630,The Escapists,,
299360,Block N Load,,
300550,Shadowrun: Dragonfall - Director's Cut,,
301640,Zombie Army Trilogy,,
301860,Submerged,,
301910,Saints Row: Gat out of Hell,,
301970,Screencheat,,
302080,Bus Driver,,
302510,Ryse: Son of Rome,,
302710,BlazeRush,,
304030,ArcheAge,,
304240,Resident Evil / biohazard HD REMASTER,,
304390,FOR HONOR™,,
304430,INSIDE,,
304530,Agents of Mayhem,,
304650,SUNLESS SEA,,
304730,Train Fever,,
306660,Ultimate General: Gettysburg,,
307230,"I, Zombie",,
307670,Hard West,,
307780,Mortal Kombat X,,
307960,IL-2 Sturmovik: Battle of Stalingrad,,
308420,Ziggurat,,
310080,Hatoful Boyfriend,,
310470,Grand Ages: Medieval,,
310510,Deathtrap,,
310560,DiRT Rally,,
310950,Street Fighter V,,
311210,Call of Duty®: Black Ops III,,
311240,Zero Escape: Zero Time Dilemma,,
311290,SpellForce 3,,
311340,METAL GEAR SOLID V: GROUND ZEROES,,
311560,Assassin’s Creed® Rogue,,
311690,Enter the Gungeon,,
311730,DEAD OR ALIVE 5 Last Round: Core Fighters,,
312450,Order of Battle: World War II,,
312520,Rain World,,
312530,Duck Game,,
312660,Sniper Elite 4,,
312670,Strange Brigade,,
313010,Cities XXL,,
313160,Farming Simulator 15,,
313630,The Solus Project,,
314410,Rampage Knights,,
314660,Oddworld: New 'n' Tasty,,
314710,Mighty No. 9,,
314790,Silence,,
316790,Grim Fandango Remastered,,
317820,Guild of Dungeoneering,,
318020,Act of Aggression - Reboot Edition,,
318230,Convoy,,
318600,The Flame in the Flood,,
319510,Five Nights at Freddy's,,
320040,Moon Hunters,,
320240,We Happy Few,,
320300,Car Mechanic Simulator 2015,,
322190,SteamWorld Heist,,
322330,Don't Starve Together,,
322500,SUPERHOT,,
322910,"Warhammer 40,000: Regicide",,
323060,Tharsis,,
323190,Frostpunk,,
323320,Grow Home,,
323380,The Magic Circle,,
323580,Jotun: Valhalla Edition,,
323850,Move or Die,,
324160,CLANNAD,,
324800,Shadow Warrior 2,,
325610,Total War: ATTILA,,
326160,Shroud of the Avatar: Forsaken Virtues,,
326410,Windward,,
327030,Worms W.M.D,,
327410,A Bird Story,,
327890,I am Bread,,
329490,Phantom Breaker: Battle Grounds,,
330820,2064: Read Only Memories,,
331480,Pinstripe,,
332200,Axiom Verge,,
332800,Five Nights at Freddy's 2,,
333930,Dirty Bomb®,,
335000,Tormentum - Dark Sorrow,,
335300,DARK SOULS™ II: Scholar of the First Sin,,
335670,LISA,,
337000,Deus Ex: Mankind Divided,,
337340,Finding Paradise,,
338390,The Technomancer,,
339200,Oceanhorn: Monster of Uncharted Seas,,
339230,ZOMBI,,
340170,FINAL FANTASY TYPE-0™ HD,,
341800,Keep Talking and Nobody Explodes,,
341940,Hatred,,
342180,Arizona Sunshine,,
343100,Overture,,
343710,Kholat,,
343860,Tacoma,,
344850,Big Pharma,,
345180,Victor Vran ARPG,,
346110,ARK: Survival Evolved,,
346940,Shadowrun: Hong Kong - Extended Edition,,
347830,Fairy Fencer F,,
350080,Wolfenstein: The Old Blood,,
350640,Sherlock Holmes: The Devil's Daughter,,
350740,The Bug Butcher,,
351920,Crazy Machines 3,,
351940,The Descendant,,
351970,Tales of Zestiria,,
352400,LEGO® Jurassic World,,
353640,Train Valley,,
353700,The Deadly Tower of Monsters,,
354140,Five Nights at Freddy's 3,,
355790,Styx: Shards of Darkness,,
356040,Sheltered,,
356400,Thumper,,
356570,Party Hard,,
358130,Curious Expedition,,
359320,Elite Dangerous,,
360170,How to Survive 2,,
360430,Mafia III,,
360740,Downwell,,
360830,Yooka-Laylee,,
361280,Turmoil,,
361300,Mother Russia Bleeds,,
362680,Fran Bow,,
362890,Black Mesa,,
362960,Tyranny,,
363440,Mega Man Legacy Collection / ロックマン クラシックス コレクション,,
363600,Holy Potatoes! A Weapon Shop?!,,
363680,Battlefleet Gothic: Armada,,
364360,Total War: WARHAMMER,,
365160,Kona,,
365450,Hacknet,,
366320,Seasons after Fall,,
366910,The Long Journey Home,,
367450,Poly Bridge,,
367500,Dragon's Dogma: Dark Arisen,,
367520,Hollow Knight,,
368230,Kingdom: Classic,,
368370,Her Story,,
368500,Assassin's Creed® Syndicate,,
369070,Slain: Back from Hell,,
369990,"Gremlins, Inc.",,
370910,Kathy Rain,,
371200,Halcyon 6: Starbase Commander,,
371660,Far Cry® Primal,,
373420,Divinity: Original Sin - Enhanced Edition,,
374030,Virginia,,
374040,Portal Knights,,
374320,DARK SOULS™ III,,
375820,Human Resource Machine,,
375910,Anno 2205™,,
375950,Viridi,,
376300,GUILTY GEAR Xrd -SIGN-,,
377160,Fallout 4,,
377840,FINAL FANTASY IX,,
378540,The Surge,,
378720,Thea: The Awakening,,
378860,Project CARS 2,,
379430,Kingdom Come: Deliverance,,
379720,DOOM,,
381780,80 Days,,
382140,SKYHILL,,
383230,Dungeon Souls,,
383870,Firewatch,,
384190,ABZU,,
384630,Aviary Attorney,,
385710,INK,,
385730,WWE 2K16,,
385760,NBA 2K17,,
386360,SMITE®,,
386620,"Cook, Serve, Delicious! 2!!",,
387290,Ori and the Blind Forest: Definitive Edition,,
388090,Five Nights at Freddy's 4,,
388210,Day of the Tentacle Remastered,,
388880,Oxenfree,,
389730,TEKKEN 7,,
391040,F1 2016,,
391220,Rise of the Tomb Raider™,,
391540,Undertale,,
391720,Layers of Fear,,
391730,Crashlands,,
394230,Battleborn,,
394310,Punch Club,,
394360,Hearts of Iron IV,,
394510,HELLDIVERS™ A New Hell Edition,,
394760,Dead Effect 2,,
394970,DEADBOLT,,
395170,DISTRAINT: Deluxe Edition,,
396750,EVERSPACE™,,
397060,Faeria,,
397340,SimplePlanes,,
397950,Clustertruck,,
398850,Epistory - Typing Chronicles,,
400170,The Incredible Adventures of Van Helsing: Final Cut,,
400630,Wuppo,,
402570,Atlas Reactor,,
403640,Dishonored 2,,
403970,The Dwarves,,
404540,Nex Machina,,
404680,Hob,,
405640,Pony Island,,
405900,Disgaea PC / 魔界戦記ディスガイア PC,,
409710,BioShock™ Remastered,,
410110,12 is Better Than 6,,
410320,EARTH DEFENSE FORCE 4.1 The Shadow of New Despair,,
410380,HEX: Shards of Fate,,
410900,Forts,,
411300,ELEX,,
411830,SENRAN KAGURA SHINOVI VERSUS,,
412830,STEINS;GATE,,
413150,Stardew Valley,,
413410,Danganronpa: Trigger Happy Havoc,,
413420,Danganronpa 2: Goodbye Despair,,
414340,Hellblade: Senua's Sacrifice,,
414700,Outlast 2,,
414740,RAID: World War II,,
415200,Motorsport Manager,,
415590,Earthfall,,
416600,Full Metal Furies,,
416680,Zombie Night Terror,,
417290,Ghost of a Tale,,
418180,Tempest: Pirate Action RPG,,
418240,Shadow Tactics: Blades of the Shogun,,
418370,RESIDENT EVIL 7 biohazard / BIOHAZARD 7 resident evil,,
418460,Rising Storm 2: Vietnam,,
420530,OneShot,,
421020,DiRT 4,,
421050,Deponia Doomsday,,
421120,Samorost 3,,
422970,Devil Daggers,,
423230,Furi,,
423580,Project Highrise,,
424370,Wolcen: Lords of Mayhem,,
424840,Little Nightmares,,
426790,Grow Up,,
427290,Vampyr,,
427520,Factorio,,
428550,Momodora: Reverie Under The Moonlight,,
429660,Tales of Berseria™,,
429680,Spellweaver,,
433340,Slime Rancher,,
433850,Z1 Battle Royale,,
435120,Rusty Lake Hotel,,
435150,Divinity: Original Sin 2 - Definitive Edition,,
435400,Hidden Folks,,
435530,The Final Station,,
437160,The Lion's Song: Episode 1 - Silence,,
437920,Tricky Towers,,
438740,Friday the 13th: The Game,,
439190,Stories: The Path of Destinies,,
440900,Conan Exiles,,
444090,Paladins®,,
445980,Wizard of Legend,,
446020,Jalopy - The Road Trip Driving Indie Car Game (公路旅行驾驶游戏),,
446800,Transport Fever,,
447020,Farming Simulator 17,,
447530,VA-11 Hall-A: Cyberpunk Bartender Action,,
447820,Day of Infamy,,
448280,Job Simulator,,
448510,Overcooked,,
449960,Book of Demons,,
451020,Battle Chasers: Nightwar,,
452570,Battle Chef Brigade Deluxe,,
453090,Parkitect,,
454650,DRAGON BALL XENOVERSE 2,,
455980,Judgment: Apocalypse Survival Simulation,,
456670,Hand of Fate 2,,
457140,Oxygen Not Included,,
460790,Bayonetta,,
460810,Vanquish,,
460920,Steep™,,
460950,Katana ZERO,,
461950,Beat Cop,,
462770,Pyre,,
464060,RUINER,,
464340,Syberia 3,,
464920,Surviving Mars,,
466300,Planescape: Torment: Enhanced Edition,,
466560,Northgard,,
468920,Ultimate Fishing Simulator,,
469820,Genital Jousting,,
470260,Event[0],,
473690,Absolver,,
474750,Reigns,,
474960,Quantum Break,,
475190,Scanner Sombre,,
475550,Beholder,,
477160,Human: Fall Flat,,
477770,Ride 2,,
480430,Hide and Shriek,,
485510,Nioh: Complete Edition / 仁王 Complete Edition,,
487720,Agony,,
489630,"Warhammer 40,000: Gladius - Relics of War",,
489830,The Elder Scrolls V: Skyrim Special Edition,,
491950,Orwell: Keeping an Eye On You,,
492720,Tropico 6,,
493200,RiME,,
493340,Planet Coaster,,
493900,Dungeons 3,,
495910,Dungeon Fighter Online,,
499520,The Turing Test,,
501080,Fishing: Barents Sea,,
501300,What Remains of Edith Finch,,
501590,Bulletstorm: Full Clip Edition,,
502800,SENRAN KAGURA ESTIVAL VERSUS,,
503560,911 Operator,,
503940,Railway Empire,,
504230,Celeste,,
504370,Battlerite,,
506610,Five Nights at Freddy's: Sister Location,,
507490,Ashes of the Singularity: Escalation,,
512250,Oh...Sir!! The Insult Simulator,,
512790,Quern - Undying Thoughts,,
514900,>observer_,,
515220,F1™ 2017,,
517630,Just Cause 4,,
517710,Redout: Enhanced Edition,,
519860,DUSK,,
521890,Hello Neighbor,,
523210,A Normal Lost Phone,,
523780,Emily is Away Too,,
524220,NieR:Automata™,,
525480,.hack//G.U. Last Recode,,
525510,"Guns, Gore and Cannoli 2",,
527230,For The King,,
527270,Atelier Sophie: The Alchemist of the Mysterious Book,,
527430,"Warhammer 40,000: Inquisitor - Martyr",,
530630,Empires Apart,,
532110,Rusty Lake: Roots,,
532840,CAYNE,,
535230,Domina,,
535930,Two Point Hospital,,
537800,Bomber Crew,,
538680,The Legend of Heroes: Trails of Cold Steel,,
543460,Dead Rising 4,,
543900,METAL GEAR SURVIVE,,
544750,SOULCALIBUR VI,,
544920,Darwin Project,,
548430,Deep Rock Galactic,,
551730,Toukiden 2,,
552500,Warhammer: Vermintide 2,,
552590,The Sexy Brutale,,
552620,ATOM RPG: Post-apocalyptic indie game,,
552990,World of Warships,,
553640,ICEY,,
554620,Life is Strange: Before the Storm,,
555220,Detention,,
555880,Sairento VR,,
557600,Gorogoa,,
558420,Stories Untold,,
558990,Opus Magnum,,
559100,Phantom Doctrine,,
559210,Rakuen,,
560130,Pillars of Eternity II: Deadfire,,
567640,Danganronpa V3: Killing Harmony,,
569860,Thimbleweed Park™,,
570460,Laser League,,
571310,SteamWorld Dig 2,,
572410,Steel Division: Normandy 44,,
573100,Battlefleet Gothic: Armada 2,,
577800,NBA 2K18,,
578330,LEGO® City Undercover,,
578620,GORN,,
579180,Ys VIII: Lacrimosa of DANA / イースVIII-Lacrimosa of DANA-,,
579950,Marvel's Guardians of the Galaxy: The Telltale Series,,
581320,Insurgency: Sandstorm,,
582010,MONSTER HUNTER: WORLD,,
582270,Everything,,
582660,Black Desert Online,,
583470,The End Is Nigh,,
583950,Artifact,,
584400,Sonic Mania,,
584980,Late Shift,,
587620,OKAMI HD / 大神 絶景版,,
588430,Fallout Shelter,,
588650,Dead Cells,,
589360,Ni no Kuni™ II: Revenant Kingdom,,
589780,The Red Strings Club,,
590380,Into the Breach,,
593280,Cat Quest,,
594570,Total War: WARHAMMER II,,
594650,Hunt Showdown,,
595140,Immortal Redneck,,
597220,West of Loathing,,
599140,Graveyard Keeper,,
601150,Devil May Cry 5,,
601430,The Evil Within 2,,
606150,Moonlighter,,
606280,Darksiders III,,
607050,Wargroove,,
609320,FAR: Lone Sails,,
611660,Fallout 4 VR,,
611670,The Elder Scrolls V: Skyrim VR,,
612880,Wolfenstein II: The New Colossus,,
613100,House Flipper,,
614570,Dishonored®: Death of the Outsider™,,
617830,SUPERHOT VR,,
619780,The Swords of Ditto,,
620590,Ancestors Legacy,,
620980,Beat Saber,,
624090,Football Manager 2018,,
626690,Sword Art Online: Fatal Bullet,,
627270,Injustice™ 2,,
632360,Risk of Rain 2,,
633230,NARUTO TO BORUTO: SHINOBI STRIKER,,
633460,Tannenberg,,
635320,Last Day of June,,
637090,BATTLETECH,,
638070,Murderous Pursuits,,
638970,Yakuza 0,,
640820,Pathfinder: Kingmaker,,
641990,The Escapists 2,,
644930,They Are Billions,,
646570,Slay the Spire,,
648350,Jurassic World Evolution,,
650000,DOOM VFR,,
653530,Return of the Obra Dinn,,
654880,Dream Daddy: A Dad Dating Simulator,,
666140,My Time At Portia,,
675260,Batman: The Enemy Within - The Telltale Series,,
676820,Subsurface Circular,,
677160,We Were Here Too,,
678950,DRAGON BALL FighterZ,,
684410,Bridge Constructor Portal,,
690790,DiRT Rally 2.0,,
711660,CHUCHEL,,
718670,Cultist Simulator,,
728880,Overcooked! 2,,
736260,Baba Is You,,
737800,F1 2018,,
738520,Breathedge,,
743090,Defiance 2050,,
743450,Monster Prom,,
750920,Shadow of the Tomb Raider,,
751780,Forager,,
760060,Mutant Year Zero: Road to Eden,,
761620,Beholder 2,,
761890,Albion Online,,
785740,This Is the Police 2,,
787860,Farming Simulator 19,,
794260,Outward,,
814380,Sekiro™: Shadows Die Twice,,
815370,Green Hell,,
816020,JUMP FORCE,,
834530,Yakuza Kiwami,,
838310,Bloodstained: Curse of the Moon,,
838380,DEAD OR ALIVE 6,,
841370,NBA 2K19,,
845070,The Awesome Adventures of Captain Spirit,,
847370,Sunset Overdrive,,
863550,HITMAN™ 2,,
868360,Project Hospital,,
872790,Football Manager 2019,,
883710,RESIDENT EVIL 2 / BIOHAZARD RE:2,,
893180,Catherine Classic,,
899440,GOD EATER 3,,
942970,Unheard,,
973760,Thronebreaker: The Witcher Tales,,
